"name";"sequence";"location";"status";"reference";"abundance";"rel_abundance";"species";"genus";"family";"order";"class";"phylum";"kingdom"
"Aethionema arabicum";"TTTAGGG";"nucleus";"EXPERIMENTAL";"<a href=""https://doi.org/10.1007/s10577-014-9423-y"" target=""_blank"">Nelson et al. 2014</a>";NA;NA;"Aethionema arabicum";"Aethionema";"Brassicaceae";"Brassicales";"Magnoliopsida";"Tracheophyta";"Plantae"
"Aethionema arabicum";"TTTAGGG";"nucleus";"MODEL";"<a href=""https://doi.org/10.1093/nar/gkz695"" target=""_blank"">Fajkus et al. 2019</a>";NA;NA;"Aethionema arabicum";"Aethionema";"Brassicaceae";"Brassicales";"Magnoliopsida";"Tracheophyta";"Plantae"
"Anastatica hierochuntica";"TTTAGGG";"nucleus?";"POTENTIAL";"<a href=""https://www.ncbi.nlm.nih.gov/Traces/index.html?view=run_browser&acc=ERR2560080&display=metadata"" target=""_blank"">ERR2560080</a>";"1";"1";"Anastatica hierochuntica";"Anastatica";"Brassicaceae";"Brassicales";"Magnoliopsida";"Tracheophyta";"Plantae"
"Arabidopsis arenicola";"TTTAGGG";"nucleus?";"POTENTIAL";"<a href=""https://www.ncbi.nlm.nih.gov/Traces/index.html?view=run_browser&acc=SRR2040770&display=metadata"" target=""_blank"">SRR2040770</a>";"1";"1";"Arabidopsis arenicola";"Arabidopsis";"Brassicaceae";"Brassicales";"Magnoliopsida";"Tracheophyta";"Plantae"
"Arabidopsis arenicola";"TTCGGG";"nucleus?";"POTENTIAL";"<a href=""https://www.ncbi.nlm.nih.gov/Traces/index.html?view=run_browser&acc=SRR2040770&display=metadata"" target=""_blank"">SRR2040770</a>";"0.076112412";"0.076112412";"Arabidopsis arenicola";"Arabidopsis";"Brassicaceae";"Brassicales";"Magnoliopsida";"Tracheophyta";"Plantae"
"Arabidopsis arenosa";"TTTAGGG";"nucleus";"EXPERIMENTAL";"<a href=""https://doi.org/10.1007/s12042-008-9018-x"" target=""_blank"">Shakirov et al. 2008</a>";NA;NA;"Arabidopsis arenosa";"Arabidopsis";"Brassicaceae";"Brassicales";"Magnoliopsida";"Tracheophyta";"Plantae"
"Arabidopsis arenosa";"TTTAGGG";"nucleus";"EXPERIMENTAL";"<a href=""https://doi.org/10.1007/s10577-014-9423-y"" target=""_blank"">Nelson et al. 2014</a>";NA;NA;"Arabidopsis arenosa";"Arabidopsis";"Brassicaceae";"Brassicales";"Magnoliopsida";"Tracheophyta";"Plantae"
"Arabidopsis arenosa";"TTTAGGG";"nucleus";"EXPERIMENTAL";"<a href=""https://doi.org/10.3389/fpls.2013.00546"" target=""_blank"">Higgins et al. 2014</a>";NA;NA;"Arabidopsis arenosa";"Arabidopsis";"Brassicaceae";"Brassicales";"Magnoliopsida";"Tracheophyta";"Plantae"
"Arabidopsis arenosa subsp. borbasii";"TTTAGGG";"nucleus?";"POTENTIAL";"<a href=""https://www.ncbi.nlm.nih.gov/Traces/index.html?view=run_browser&acc=ERR2145395&display=metadata"" target=""_blank"">ERR2145395</a>";"1";"1";"Arabidopsis arenosa";"Arabidopsis";"Brassicaceae";"Brassicales";"Magnoliopsida";"Tracheophyta";"Plantae"
"Arabidopsis arenosa subsp. borbasii";"TTAGGGATGG";"nucleus?";"POTENTIAL";"<a href=""https://www.ncbi.nlm.nih.gov/Traces/index.html?view=run_browser&acc=ERR2145395&display=metadata"" target=""_blank"">ERR2145395</a>";"0.28";"0.28";"Arabidopsis arenosa";"Arabidopsis";"Brassicaceae";"Brassicales";"Magnoliopsida";"Tracheophyta";"Plantae"
"Arabidopsis arenosa subsp. borbasii";"TTCGGG";"nucleus?";"POTENTIAL";"<a href=""https://www.ncbi.nlm.nih.gov/Traces/index.html?view=run_browser&acc=ERR2145395&display=metadata"" target=""_blank"">ERR2145395</a>";"0.067692308";"0.067692308";"Arabidopsis arenosa";"Arabidopsis";"Brassicaceae";"Brassicales";"Magnoliopsida";"Tracheophyta";"Plantae"
"Arabidopsis arenosa";"TTTAGGG";"nucleus?";"POTENTIAL";"<a href=""https://www.ncbi.nlm.nih.gov/Traces/index.html?view=run_browser&acc=SRR959014&display=metadata"" target=""_blank"">SRR959014</a>";"1";"1";"Arabidopsis arenosa";"Arabidopsis";"Brassicaceae";"Brassicales";"Magnoliopsida";"Tracheophyta";"Plantae"
"Arabidopsis cebennensis";"TTTAGGG";"nucleus?";"POTENTIAL";"<a href=""https://www.ncbi.nlm.nih.gov/Traces/index.html?view=run_browser&acc=SRR2040777&display=metadata"" target=""_blank"">SRR2040777</a>";"1";"1";"Arabidopsis cebennensis";"Arabidopsis";"Brassicaceae";"Brassicales";"Magnoliopsida";"Tracheophyta";"Plantae"
"Arabidopsis cebennensis";"TTCAGGG";"nucleus?";"POTENTIAL";"<a href=""https://www.ncbi.nlm.nih.gov/Traces/index.html?view=run_browser&acc=SRR2040777&display=metadata"" target=""_blank"">SRR2040777</a>";"0.079231693";"0.079231693";"Arabidopsis cebennensis";"Arabidopsis";"Brassicaceae";"Brassicales";"Magnoliopsida";"Tracheophyta";"Plantae"
"Arabidopsis cebennensis";"TTCGGG";"nucleus?";"POTENTIAL";"<a href=""https://www.ncbi.nlm.nih.gov/Traces/index.html?view=run_browser&acc=SRR2040777&display=metadata"" target=""_blank"">SRR2040777</a>";"0.06242497";"0.06242497";"Arabidopsis cebennensis";"Arabidopsis";"Brassicaceae";"Brassicales";"Magnoliopsida";"Tracheophyta";"Plantae"
"Arabidopsis croatica";"TTTAGGG";"nucleus?";"POTENTIAL";"<a href=""https://www.ncbi.nlm.nih.gov/Traces/index.html?view=run_browser&acc=SRR8240236&display=metadata"" target=""_blank"">SRR8240236</a>";"1";"1";"Arabidopsis croatica";"Arabidopsis";"Brassicaceae";"Brassicales";"Magnoliopsida";"Tracheophyta";"Plantae"
"Arabidopsis halleri subsp. dacica";"TTTAGGG";"nucleus?";"POTENTIAL";"<a href=""https://www.ncbi.nlm.nih.gov/Traces/index.html?view=run_browser&acc=SRR2040780&display=metadata"" target=""_blank"">SRR2040780</a>";"1";"1";"Arabidopsis halleri";"Arabidopsis";"Brassicaceae";"Brassicales";"Magnoliopsida";"Tracheophyta";"Plantae"
"Arabidopsis halleri subsp. dacica";"TTCGGG";"nucleus?";"POTENTIAL";"<a href=""https://www.ncbi.nlm.nih.gov/Traces/index.html?view=run_browser&acc=SRR2040780&display=metadata"" target=""_blank"">SRR2040780</a>";"0.060759494";"0.060759494";"Arabidopsis halleri";"Arabidopsis";"Brassicaceae";"Brassicales";"Magnoliopsida";"Tracheophyta";"Plantae"
"Arabidopsis halleri subsp. gemmifera";"TTTAGGG";"nucleus?";"POTENTIAL";"<a href=""https://www.ncbi.nlm.nih.gov/Traces/index.html?view=run_browser&acc=SRR2040781&display=metadata"" target=""_blank"">SRR2040781</a>";"1";"1";"Arabidopsis halleri";"Arabidopsis";"Brassicaceae";"Brassicales";"Magnoliopsida";"Tracheophyta";"Plantae"
"Arabidopsis halleri subsp. halleri";"TTTAGGG";"nucleus?";"POTENTIAL";"<a href=""https://www.ncbi.nlm.nih.gov/Traces/index.html?view=run_browser&acc=SRR2040783&display=metadata"" target=""_blank"">SRR2040783</a>";"0.467230444";"1";"Arabidopsis halleri";"Arabidopsis";"Brassicaceae";"Brassicales";"Magnoliopsida";"Tracheophyta";"Plantae"
"Arabidopsis halleri subsp. halleri";"TTCGGG";"nucleus?";"POTENTIAL";"<a href=""https://www.ncbi.nlm.nih.gov/Traces/index.html?view=run_browser&acc=SRR2040783&display=metadata"" target=""_blank"">SRR2040783</a>";"0.085623679";"0.183257919";"Arabidopsis halleri";"Arabidopsis";"Brassicaceae";"Brassicales";"Magnoliopsida";"Tracheophyta";"Plantae"
"Arabidopsis halleri subsp. halleri";"TTAGG";"nucleus?";"POTENTIAL";"<a href=""https://www.ncbi.nlm.nih.gov/Traces/index.html?view=run_browser&acc=SRR2040783&display=metadata"" target=""_blank"">SRR2040783</a>";"0.067653277";"0.14479638";"Arabidopsis halleri";"Arabidopsis";"Brassicaceae";"Brassicales";"Magnoliopsida";"Tracheophyta";"Plantae"
"Arabidopsis halleri subsp. ovirensis";"TTTAGGG";"nucleus?";"POTENTIAL";"<a href=""https://www.ncbi.nlm.nih.gov/Traces/index.html?view=run_browser&acc=SRR2040785&display=metadata"" target=""_blank"">SRR2040785</a>";"1";"1";"Arabidopsis halleri";"Arabidopsis";"Brassicaceae";"Brassicales";"Magnoliopsida";"Tracheophyta";"Plantae"
"Arabidopsis halleri subsp. ovirensis";"TTCGGG";"nucleus?";"POTENTIAL";"<a href=""https://www.ncbi.nlm.nih.gov/Traces/index.html?view=run_browser&acc=SRR2040785&display=metadata"" target=""_blank"">SRR2040785</a>";"0.057239057";"0.057239057";"Arabidopsis halleri";"Arabidopsis";"Brassicaceae";"Brassicales";"Magnoliopsida";"Tracheophyta";"Plantae"
"Arabidopsis halleri subsp. tatrica";"TTTAGGG";"nucleus?";"POTENTIAL";"<a href=""https://www.ncbi.nlm.nih.gov/Traces/index.html?view=run_browser&acc=SRR2040787&display=metadata"" target=""_blank"">SRR2040787</a>";"1";"1";"Arabidopsis halleri";"Arabidopsis";"Brassicaceae";"Brassicales";"Magnoliopsida";"Tracheophyta";"Plantae"
"Arabidopsis halleri subsp. tatrica";"TTCGGG";"nucleus?";"POTENTIAL";"<a href=""https://www.ncbi.nlm.nih.gov/Traces/index.html?view=run_browser&acc=SRR2040787&display=metadata"" target=""_blank"">SRR2040787</a>";"0.13916501";"0.13916501";"Arabidopsis halleri";"Arabidopsis";"Brassicaceae";"Brassicales";"Magnoliopsida";"Tracheophyta";"Plantae"
"Arabidopsis halleri";"TTTAGGG";"nucleus?";"POTENTIAL";"<a href=""https://www.ncbi.nlm.nih.gov/Traces/index.html?view=run_browser&acc=SRR964274&display=metadata"" target=""_blank"">SRR964274</a>";"1";"1";"Arabidopsis halleri";"Arabidopsis";"Brassicaceae";"Brassicales";"Magnoliopsida";"Tracheophyta";"Plantae"
"Arabidopsis halleri";"TTCGGG";"nucleus?";"POTENTIAL";"<a href=""https://www.ncbi.nlm.nih.gov/Traces/index.html?view=run_browser&acc=SRR964274&display=metadata"" target=""_blank"">SRR964274</a>";"0.087400681";"0.087400681";"Arabidopsis halleri";"Arabidopsis";"Brassicaceae";"Brassicales";"Magnoliopsida";"Tracheophyta";"Plantae"
"Arabidopsis lyrata";"TTTAGGG";"nucleus";"EXPERIMENTAL";"<a href=""https://doi.org/10.1007/s12042-008-9018-x"" target=""_blank"">Shakirov et al. 2008</a>";NA;NA;"Arabidopsis lyrata";"Arabidopsis";"Brassicaceae";"Brassicales";"Magnoliopsida";"Tracheophyta";"Plantae"
"Arabidopsis lyrata";"TTTAGGG";"nucleus";"EXPERIMENTAL";"<a href=""https://doi.org/10.1007/s10577-014-9423-y"" target=""_blank"">Nelson et al. 2014</a>";NA;NA;"Arabidopsis lyrata";"Arabidopsis";"Brassicaceae";"Brassicales";"Magnoliopsida";"Tracheophyta";"Plantae"
"Arabidopsis lyrata";"TTTAGGG";"nucleus";"MODEL";"<a href=""https://doi.org/10.1093/nar/gkz695"" target=""_blank"">Fajkus et al. 2019</a>";NA;NA;"Arabidopsis lyrata";"Arabidopsis";"Brassicaceae";"Brassicales";"Magnoliopsida";"Tracheophyta";"Plantae"
"Arabidopsis kamchatica subsp. kawasakiana";"TTTAGGG";"nucleus?";"POTENTIAL";"<a href=""https://www.ncbi.nlm.nih.gov/Traces/index.html?view=run_browser&acc=DRR100018&display=metadata"" target=""_blank"">DRR100018</a>";"1";"1";"Arabidopsis lyrata";"Arabidopsis";"Brassicaceae";"Brassicales";"Magnoliopsida";"Tracheophyta";"Plantae"
"Arabidopsis kamchatica subsp. kamchatica";"TTTAGGG";"nucleus?";"POTENTIAL";"<a href=""https://www.ncbi.nlm.nih.gov/Traces/index.html?view=run_browser&acc=DRR100024&display=metadata"" target=""_blank"">DRR100024</a>";"1";"1";"Arabidopsis lyrata";"Arabidopsis";"Brassicaceae";"Brassicales";"Magnoliopsida";"Tracheophyta";"Plantae"
"Arabidopsis kamchatica subsp. kamchatica";"TTAGG";"nucleus?";"POTENTIAL";"<a href=""https://www.ncbi.nlm.nih.gov/Traces/index.html?view=run_browser&acc=DRR100024&display=metadata"" target=""_blank"">DRR100024</a>";"0.088308458";"0.088308458";"Arabidopsis lyrata";"Arabidopsis";"Brassicaceae";"Brassicales";"Magnoliopsida";"Tracheophyta";"Plantae"
"Arabidopsis lyrata subsp. petraea";"TTTAGGG";"nucleus?";"POTENTIAL";"<a href=""https://www.ncbi.nlm.nih.gov/Traces/index.html?view=run_browser&acc=SRR7904960&display=metadata"" target=""_blank"">SRR7904960</a>";"1";"1";"Arabidopsis lyrata";"Arabidopsis";"Brassicaceae";"Brassicales";"Magnoliopsida";"Tracheophyta";"Plantae"
"Arabidopsis lyrata subsp. petraea";"TTCGGG";"nucleus?";"POTENTIAL";"<a href=""https://www.ncbi.nlm.nih.gov/Traces/index.html?view=run_browser&acc=SRR7904960&display=metadata"" target=""_blank"">SRR7904960</a>";"0.059819413";"0.059819413";"Arabidopsis lyrata";"Arabidopsis";"Brassicaceae";"Brassicales";"Magnoliopsida";"Tracheophyta";"Plantae"
"Arabidopsis lyrata subsp. lyrata";"TTTAGGG";"nucleus?";"POTENTIAL";"<a href=""https://www.ncbi.nlm.nih.gov/Traces/index.html?view=run_browser&acc=SRR5125000&display=metadata"" target=""_blank"">SRR5125000</a>";"1";"1";"Arabidopsis lyrata";"Arabidopsis";"Brassicaceae";"Brassicales";"Magnoliopsida";"Tracheophyta";"Plantae"
"Arabidopsis lyrata subsp. lyrata";"TTCAGGG";"nucleus?";"POTENTIAL";"<a href=""https://www.ncbi.nlm.nih.gov/Traces/index.html?view=run_browser&acc=SRR5125000&display=metadata"" target=""_blank"">SRR5125000</a>";"0.191689008";"0.191689008";"Arabidopsis lyrata";"Arabidopsis";"Brassicaceae";"Brassicales";"Magnoliopsida";"Tracheophyta";"Plantae"
"Arabidopsis lyrata";"TTTAGGG";"nucleus?";"POTENTIAL";"<a href=""https://www.ncbi.nlm.nih.gov/Traces/index.html?view=run_browser&acc=SRR9319649&display=metadata"" target=""_blank"">SRR9319649</a>";"0.151724138";"1";"Arabidopsis lyrata";"Arabidopsis";"Brassicaceae";"Brassicales";"Magnoliopsida";"Tracheophyta";"Plantae"
"Arabidopsis lyrata";"TTCGGG";"nucleus?";"POTENTIAL";"<a href=""https://www.ncbi.nlm.nih.gov/Traces/index.html?view=run_browser&acc=SRR9319649&display=metadata"" target=""_blank"">SRR9319649</a>";"0.103448276";"0.681818182";"Arabidopsis lyrata";"Arabidopsis";"Brassicaceae";"Brassicales";"Magnoliopsida";"Tracheophyta";"Plantae"
"Arabidopsis lyrata x Arabidopsis halleri";"TTAGG";"nucleus?";"POTENTIAL";"<a href=""https://www.ncbi.nlm.nih.gov/Traces/index.html?view=run_browser&acc=SRR8157570&display=metadata"" target=""_blank"">SRR8157570</a>";"0.976470588";"1";"Arabidopsis lyrata x Arabidopsis halleri";"Arabidopsis";"Brassicaceae";"Brassicales";"Magnoliopsida";"Tracheophyta";"Plantae"
"Arabidopsis lyrata x Arabidopsis halleri";"TTTAGGG";"nucleus?";"POTENTIAL";"<a href=""https://www.ncbi.nlm.nih.gov/Traces/index.html?view=run_browser&acc=SRR8157570&display=metadata"" target=""_blank"">SRR8157570</a>";"0.888235294";"0.909638554";"Arabidopsis lyrata x Arabidopsis halleri";"Arabidopsis";"Brassicaceae";"Brassicales";"Magnoliopsida";"Tracheophyta";"Plantae"
"Arabidopsis lyrata x Arabidopsis halleri";"TTCGGG";"nucleus?";"POTENTIAL";"<a href=""https://www.ncbi.nlm.nih.gov/Traces/index.html?view=run_browser&acc=SRR8157570&display=metadata"" target=""_blank"">SRR8157570</a>";"0.241176471";"0.246987952";"Arabidopsis lyrata x Arabidopsis halleri";"Arabidopsis";"Brassicaceae";"Brassicales";"Magnoliopsida";"Tracheophyta";"Plantae"
"Arabidopsis neglecta";"TTTAGGG";"nucleus?";"POTENTIAL";"<a href=""https://www.ncbi.nlm.nih.gov/Traces/index.html?view=run_browser&acc=SRR2040832&display=metadata"" target=""_blank"">SRR2040832</a>";"1";"1";"Arabidopsis neglecta";"Arabidopsis";"Brassicaceae";"Brassicales";"Magnoliopsida";"Tracheophyta";"Plantae"
"Arabidopsis neglecta";"TTCGGG";"nucleus?";"POTENTIAL";"<a href=""https://www.ncbi.nlm.nih.gov/Traces/index.html?view=run_browser&acc=SRR2040832&display=metadata"" target=""_blank"">SRR2040832</a>";"0.08045977";"0.08045977";"Arabidopsis neglecta";"Arabidopsis";"Brassicaceae";"Brassicales";"Magnoliopsida";"Tracheophyta";"Plantae"
"Arabidopsis neglecta subsp. neglecta";"TTTAGGG";"nucleus?";"POTENTIAL";"<a href=""https://www.ncbi.nlm.nih.gov/Traces/index.html?view=run_browser&acc=SRR7904939&display=metadata"" target=""_blank"">SRR7904939</a>";"1";"1";"Arabidopsis neglecta";"Arabidopsis";"Brassicaceae";"Brassicales";"Magnoliopsida";"Tracheophyta";"Plantae"
"Arabidopsis neglecta subsp. neglecta";"TTAGG";"nucleus?";"POTENTIAL";"<a href=""https://www.ncbi.nlm.nih.gov/Traces/index.html?view=run_browser&acc=SRR7904939&display=metadata"" target=""_blank"">SRR7904939</a>";"0.074852817";"0.074852817";"Arabidopsis neglecta";"Arabidopsis";"Brassicaceae";"Brassicales";"Magnoliopsida";"Tracheophyta";"Plantae"
"Arabidopsis pedemontana";"TTTAGGG";"nucleus?";"POTENTIAL";"<a href=""https://www.ncbi.nlm.nih.gov/Traces/index.html?view=run_browser&acc=SRR2040803&display=metadata"" target=""_blank"">SRR2040803</a>";"1";"1";"Arabidopsis pedemontana";"Arabidopsis";"Brassicaceae";"Brassicales";"Magnoliopsida";"Tracheophyta";"Plantae"
"Arabidopsis pedemontana";"TTTGGGG";"nucleus?";"POTENTIAL";"<a href=""https://www.ncbi.nlm.nih.gov/Traces/index.html?view=run_browser&acc=SRR2040803&display=metadata"" target=""_blank"">SRR2040803</a>";"0.077595628";"0.077595628";"Arabidopsis pedemontana";"Arabidopsis";"Brassicaceae";"Brassicales";"Magnoliopsida";"Tracheophyta";"Plantae"
"Arabidopsis petraea subsp. septentrionalis";"TTTAGGG";"nucleus?";"POTENTIAL";"<a href=""https://www.ncbi.nlm.nih.gov/Traces/index.html?view=run_browser&acc=SRR2040805&display=metadata"" target=""_blank"">SRR2040805</a>";"1";"1";"Arabidopsis petraea";"Arabidopsis";"Brassicaceae";"Brassicales";"Magnoliopsida";"Tracheophyta";"Plantae"
"Arabidopsis petraea subsp. septentrionalis";"TTCGGG";"nucleus?";"POTENTIAL";"<a href=""https://www.ncbi.nlm.nih.gov/Traces/index.html?view=run_browser&acc=SRR2040805&display=metadata"" target=""_blank"">SRR2040805</a>";"0.084569733";"0.084569733";"Arabidopsis petraea";"Arabidopsis";"Brassicaceae";"Brassicales";"Magnoliopsida";"Tracheophyta";"Plantae"
"Arabidopsis petraea subsp. septentrionalis";"TTCAGGG";"nucleus?";"POTENTIAL";"<a href=""https://www.ncbi.nlm.nih.gov/Traces/index.html?view=run_browser&acc=SRR2040805&display=metadata"" target=""_blank"">SRR2040805</a>";"0.075667656";"0.075667656";"Arabidopsis petraea";"Arabidopsis";"Brassicaceae";"Brassicales";"Magnoliopsida";"Tracheophyta";"Plantae"
"Arabidopsis petraea subsp. umbrosa";"TTTAGGG";"nucleus?";"POTENTIAL";"<a href=""https://www.ncbi.nlm.nih.gov/Traces/index.html?view=run_browser&acc=SRR2040806&display=metadata"" target=""_blank"">SRR2040806</a>";"1";"1";"Arabidopsis petraea";"Arabidopsis";"Brassicaceae";"Brassicales";"Magnoliopsida";"Tracheophyta";"Plantae"
"Arabidopsis petrogena";"TTTAGGG";"nucleus?";"POTENTIAL";"<a href=""https://www.ncbi.nlm.nih.gov/Traces/index.html?view=run_browser&acc=SRR2040834&display=metadata"" target=""_blank"">SRR2040834</a>";"1";"1";"Arabidopsis petrogena";"Arabidopsis";"Brassicaceae";"Brassicales";"Magnoliopsida";"Tracheophyta";"Plantae"
"Arabidopsis petrogena";"TTTGGGG";"nucleus?";"POTENTIAL";"<a href=""https://www.ncbi.nlm.nih.gov/Traces/index.html?view=run_browser&acc=SRR2040834&display=metadata"" target=""_blank"">SRR2040834</a>";"0.247807018";"0.247807018";"Arabidopsis petrogena";"Arabidopsis";"Brassicaceae";"Brassicales";"Magnoliopsida";"Tracheophyta";"Plantae"
"Arabidopsis petrogena";"TTCGGG";"nucleus?";"POTENTIAL";"<a href=""https://www.ncbi.nlm.nih.gov/Traces/index.html?view=run_browser&acc=SRR2040834&display=metadata"" target=""_blank"">SRR2040834</a>";"0.089912281";"0.089912281";"Arabidopsis petrogena";"Arabidopsis";"Brassicaceae";"Brassicales";"Magnoliopsida";"Tracheophyta";"Plantae"
"Arabidopsis petrogena";"TTAGGG";"nucleus?";"POTENTIAL";"<a href=""https://www.ncbi.nlm.nih.gov/Traces/index.html?view=run_browser&acc=SRR2040834&display=metadata"" target=""_blank"">SRR2040834</a>";"0.072368421";"0.072368421";"Arabidopsis petrogena";"Arabidopsis";"Brassicaceae";"Brassicales";"Magnoliopsida";"Tracheophyta";"Plantae"
"Arabidopsis";"TTTAGGG";"nucleus?";"POTENTIAL";"<a href=""https://www.ncbi.nlm.nih.gov/Traces/index.html?view=run_browser&acc=SRR9290163&display=metadata"" target=""_blank"">SRR9290163</a>";"1";"1";"Arabidopsis sp.";"Arabidopsis";"Brassicaceae";"Brassicales";"Magnoliopsida";"Tracheophyta";"Plantae"
"Arabidopsis suecica";"TTTAGGG";"nucleus";"EXPERIMENTAL";"<a href=""https://doi.org/10.1007/s12042-008-9018-x"" target=""_blank"">Shakirov et al. 2008</a>";NA;NA;"Arabidopsis suecica";"Arabidopsis";"Brassicaceae";"Brassicales";"Magnoliopsida";"Tracheophyta";"Plantae"
"Arabidopsis suecica";"TTTAGGG";"nucleus?";"POTENTIAL";"<a href=""https://www.ncbi.nlm.nih.gov/Traces/index.html?view=run_browser&acc=SRR3123770&display=metadata"" target=""_blank"">SRR3123770</a>";"1";"1";"Arabidopsis suecica";"Arabidopsis";"Brassicaceae";"Brassicales";"Magnoliopsida";"Tracheophyta";"Plantae"
"Arabidopsis thaliana";"TTTAGGG";"nucleus";"EXPERIMENTAL";"<a href=""https://doi.org/10.1016/0092-8674(88)90494-1"" target=""_blank"">Richards and Ausubel 1988</a>";NA;NA;"Arabidopsis thaliana";"Arabidopsis";"Brassicaceae";"Brassicales";"Magnoliopsida";"Tracheophyta";"Plantae"
"Arabidopsis thaliana";"TTTAGGG";"nucleus";"EXPERIMENTAL";"<a href=""https://doi.org/10.1093/nar/19.12.3351"" target=""_blank"">Richards et al. 1991</a>";NA;NA;"Arabidopsis thaliana";"Arabidopsis";"Brassicaceae";"Brassicales";"Magnoliopsida";"Tracheophyta";"Plantae"
"Arabidopsis thaliana";"TTTAGGG";"nucleus";"EXPERIMENTAL";"<a href=""https://doi.org/10.1093/nar/20.15.4039"" target=""_blank"">Richards et al. 1992</a>";NA;NA;"Arabidopsis thaliana";"Arabidopsis";"Brassicaceae";"Brassicales";"Magnoliopsida";"Tracheophyta";"Plantae"
"Arabidopsis thaliana";"TTTAGGG";"nucleus";"EXPERIMENTAL";"<a href=""https://doi.org/10.1046/j.1365-313X.2003.01731.x"" target=""_blank"">Sýkorová et al. 2003</a>";NA;NA;"Arabidopsis thaliana";"Arabidopsis";"Brassicaceae";"Brassicales";"Magnoliopsida";"Tracheophyta";"Plantae"
"Arabidopsis thaliana";"TTTAGGG";"nucleus";"EXPERIMENTAL";"<a href=""https://doi.org/10.1159/000079584"" target=""_blank"">Rotková et al. 2004</a>";NA;NA;"Arabidopsis thaliana";"Arabidopsis";"Brassicaceae";"Brassicales";"Magnoliopsida";"Tracheophyta";"Plantae"
"Arabidopsis thaliana";"TTAGGG";"nucleus";"EXPERIMENTAL";"<a href=""https://doi.org/10.1159/000082393"" target=""_blank"">de la Herrán et al. 2005</a>";NA;NA;"Arabidopsis thaliana";"Arabidopsis";"Brassicaceae";"Brassicales";"Magnoliopsida";"Tracheophyta";"Plantae"
"Arabidopsis thaliana";"TTTAGGG";"nucleus";"EXPERIMENTAL";"<a href=""https://doi.org/10.1159/000082393"" target=""_blank"">de la Herrán et al. 2005</a>";NA;NA;"Arabidopsis thaliana";"Arabidopsis";"Brassicaceae";"Brassicales";"Magnoliopsida";"Tracheophyta";"Plantae"
"Arabidopsis thaliana";"TTTAGGG";"nucleus";"EXPERIMENTAL";"<a href=""https://doi.org/10.1159/000167826"" target=""_blank"">Peška et al. 2008</a>";NA;NA;"Arabidopsis thaliana";"Arabidopsis";"Brassicaceae";"Brassicales";"Magnoliopsida";"Tracheophyta";"Plantae"
"Arabidopsis thaliana";"TTTAGGG";"nucleus";"EXPERIMENTAL";"<a href=""https://doi.org/10.1007/s12042-008-9018-x"" target=""_blank"">Shakirov et al. 2008</a>";NA;NA;"Arabidopsis thaliana";"Arabidopsis";"Brassicaceae";"Brassicales";"Magnoliopsida";"Tracheophyta";"Plantae"
"Arabidopsis thaliana";"TTTAGGG";"nucleus";"EXPERIMENTAL";"<a href=""https://doi.org/10.1007/s10577-014-9423-y"" target=""_blank"">Nelson et al. 2014</a>";NA;NA;"Arabidopsis thaliana";"Arabidopsis";"Brassicaceae";"Brassicales";"Magnoliopsida";"Tracheophyta";"Plantae"
"Arabidopsis thaliana";"TTTAGGG";"nucleus";"EXPERIMENTAL";"<a href=""https://doi.org/10.1534/genetics.114.172163"" target=""_blank"">Fulcher et al. 2015</a>";NA;NA;"Arabidopsis thaliana";"Arabidopsis";"Brassicaceae";"Brassicales";"Magnoliopsida";"Tracheophyta";"Plantae"
"Arabidopsis thaliana";"TTTAGGG";"nucleus";"EXPERIMENTAL";"<a href=""https://doi.org/10.1007/s10577-016-9522-z"" target=""_blank"">Hesse et al. 2016</a>";NA;NA;"Arabidopsis thaliana";"Arabidopsis";"Brassicaceae";"Brassicales";"Magnoliopsida";"Tracheophyta";"Plantae"
"Arabidopsis thaliana";"TTTAGGG";"nucleus";"EXPERIMENTAL";"<a href=""https://doi.org/10.1007/s11103-018-0765-2"" target=""_blank"">Sováková et al. 2018</a>";NA;NA;"Arabidopsis thaliana";"Arabidopsis";"Brassicaceae";"Brassicales";"Magnoliopsida";"Tracheophyta";"Plantae"
"Arabidopsis thaliana";"TTTAGGG";"nucleus";"EXPERIMENTAL";"<a href=""https://doi.org/10.1093/nar/gkz695"" target=""_blank"">Fajkus et al. 2019</a>";NA;NA;"Arabidopsis thaliana";"Arabidopsis";"Brassicaceae";"Brassicales";"Magnoliopsida";"Tracheophyta";"Plantae"
"Arabidopsis thaliana";"TTTAGGG";"nucleus";"EXPERIMENTAL";"<a href=""https://doi.org/10.1038/s41467-019-13448-z"" target=""_blank"">Abdulkina et al. 2019</a>";NA;NA;"Arabidopsis thaliana";"Arabidopsis";"Brassicaceae";"Brassicales";"Magnoliopsida";"Tracheophyta";"Plantae"
"Arabidopsis thaliana";"TTTAGGG";"nucleus";"EXPERIMENTAL";"<a href=""https://doi.org/10.1111/tpj.15459"" target=""_blank"">Shan et al. 2021</a>";NA;NA;"Arabidopsis thaliana";"Arabidopsis";"Brassicaceae";"Brassicales";"Magnoliopsida";"Tracheophyta";"Plantae"
"Arabidopsis thaliana";"TTTAGGG";"nucleus";"EXPERIMENTAL";"<a href=""https://doi.org/10.1093/plcell/koab022"" target=""_blank"">Choi et al. 2021</a>";NA;NA;"Arabidopsis thaliana";"Arabidopsis";"Brassicaceae";"Brassicales";"Magnoliopsida";"Tracheophyta";"Plantae"
"Arabidopsis thaliana";"TTTAGGG";"nucleus";"EXPERIMENTAL";"<a href=""https://doi.org/10.1111/nph.17880"" target=""_blank"">Campitelli et al. 2022</a>";NA;NA;"Arabidopsis thaliana";"Arabidopsis";"Brassicaceae";"Brassicales";"Magnoliopsida";"Tracheophyta";"Plantae"
"Arabidopsis thaliana Landsberg erecta";"TTTAGGG";"nucleus";"MODEL";"<a href=""https://doi.org/10.1073/pnas.1607532113"" target=""_blank"">Zapata et al. 2016</a>";NA;NA;"Arabidopsis thaliana";"Arabidopsis";"Brassicaceae";"Brassicales";"Magnoliopsida";"Tracheophyta";"Plantae"
"Arabidopsis thaliana";"TTTAGGG";"nucleus";"MODEL";"<a href=""https://doi.org/10.1073/pnas.1915312116"" target=""_blank"">Song et al. 2019</a>";NA;NA;"Arabidopsis thaliana";"Arabidopsis";"Brassicaceae";"Brassicales";"Magnoliopsida";"Tracheophyta";"Plantae"
"Arabidopsis thaliana";"TTTAGGG";"nucleus";"MODEL";"<a href=""https://doi.org/10.1093/nar/gkz695"" target=""_blank"">Fajkus et al. 2019</a>";NA;NA;"Arabidopsis thaliana";"Arabidopsis";"Brassicaceae";"Brassicales";"Magnoliopsida";"Tracheophyta";"Plantae"
"Arabidopsis thaliana";"TTTAGGG";"nucleus";"MODEL";"<a href=""https://doi.org/10.1016/j.gpb.2021.08.003"" target=""_blank"">Wang et al. 2021</a>";NA;NA;"Arabidopsis thaliana";"Arabidopsis";"Brassicaceae";"Brassicales";"Magnoliopsida";"Tracheophyta";"Plantae"
"Arabidopsis thaliana";"TTTAGGG";"nucleus?";"POTENTIAL";"<a href=""https://www.ncbi.nlm.nih.gov/Traces/index.html?view=run_browser&acc=SRR9961306&display=metadata"" target=""_blank"">SRR9961306</a>";"1";"1";"Arabidopsis thaliana";"Arabidopsis";"Brassicaceae";"Brassicales";"Magnoliopsida";"Tracheophyta";"Plantae"
"Arabidopsis umezawana";"TTTAGGG";"nucleus?";"POTENTIAL";"<a href=""https://www.ncbi.nlm.nih.gov/Traces/index.html?view=run_browser&acc=SRR2040810&display=metadata"" target=""_blank"">SRR2040810</a>";"1";"1";"Arabidopsis umezawana";"Arabidopsis";"Brassicaceae";"Brassicales";"Magnoliopsida";"Tracheophyta";"Plantae"
"Arabis alpina";"TTTAGGG";"nucleus";"MODEL";"<a href=""https://doi.org/10.1093/nar/gkz695"" target=""_blank"">Fajkus et al. 2019</a>";NA;NA;"Arabis alpina";"Arabis";"Brassicaceae";"Brassicales";"Magnoliopsida";"Tracheophyta";"Plantae"
"Arabis alpina";"TTTAGGG";"nucleus?";"POTENTIAL";"<a href=""https://www.ncbi.nlm.nih.gov/Traces/index.html?view=run_browser&acc=SRR7881011&display=metadata"" target=""_blank"">SRR7881011</a>";"1";"1";"Arabis alpina";"Arabis";"Brassicaceae";"Brassicales";"Magnoliopsida";"Tracheophyta";"Plantae"
"Arabis cypria";"TTTAGGG";"nucleus";"EXPERIMENTAL";"<a href=""https://doi.org/10.1111/tpj.15459"" target=""_blank"">Shan et al. 2021</a>";NA;NA;"Arabis cypria";"Arabis";"Brassicaceae";"Brassicales";"Magnoliopsida";"Tracheophyta";"Plantae"
"Aurinia saxatilis";"TTTAGGG";"nucleus?";"POTENTIAL";"<a href=""https://www.ncbi.nlm.nih.gov/Traces/index.html?view=run_browser&acc=ERR2560412&display=metadata"" target=""_blank"">ERR2560412</a>";"0.500740741";"1";"Aurinia saxatilis";"Aurinia";"Brassicaceae";"Brassicales";"Magnoliopsida";"Tracheophyta";"Plantae"
"Ballantinia antipoda";"TTTAGGG";"nucleus";"EXPERIMENTAL";"<a href=""https://doi.org/10.1105/tpc.110.074526"" target=""_blank"">Mandáková et al. 2010</a>";NA;NA;"Ballantinia antipoda";"Ballantinia";"Brassicaceae";"Brassicales";"Magnoliopsida";"Tracheophyta";"Plantae"
"Ballantinia antipoda";"TTTAGGG";"nucleus";"EXPERIMENTAL";"<a href=""https://doi.org/10.3389/fpls.2014.00593"" target=""_blank"">Majerová et al. 2014</a>";NA;NA;"Ballantinia antipoda";"Ballantinia";"Brassicaceae";"Brassicales";"Magnoliopsida";"Tracheophyta";"Plantae"
"Biscutella auriculata";"TTTAGAG";"nucleus?";"POTENTIAL";"<a href=""https://www.ncbi.nlm.nih.gov/Traces/index.html?view=run_browser&acc=ERR2560421&display=metadata"" target=""_blank"">ERR2560421</a>";"0.059027778";"1";"Biscutella auriculata";"Biscutella";"Brassicaceae";"Brassicales";"Magnoliopsida";"Tracheophyta";"Plantae"
"Biscutella auriculata";"TTTAGGG";"nucleus?";"POTENTIAL";"<a href=""https://www.ncbi.nlm.nih.gov/Traces/index.html?view=run_browser&acc=ERR2560421&display=metadata"" target=""_blank"">ERR2560421</a>";"0.050154321";"0.849673203";"Biscutella auriculata";"Biscutella";"Brassicaceae";"Brassicales";"Magnoliopsida";"Tracheophyta";"Plantae"
"Biscutella laevigata subsp. laevigata";"TTTAGGG";"nucleus?";"POTENTIAL";"<a href=""https://www.ncbi.nlm.nih.gov/Traces/index.html?view=run_browser&acc=ERR2560431&display=metadata"" target=""_blank"">ERR2560431</a>";"0.6875";"1";"Biscutella laevigata";"Biscutella";"Brassicaceae";"Brassicales";"Magnoliopsida";"Tracheophyta";"Plantae"
"Biscutella laevigata subsp. laevigata";"TTTAGAG";"nucleus?";"POTENTIAL";"<a href=""https://www.ncbi.nlm.nih.gov/Traces/index.html?view=run_browser&acc=ERR2560431&display=metadata"" target=""_blank"">ERR2560431</a>";"0.25";"0.363636364";"Biscutella laevigata";"Biscutella";"Brassicaceae";"Brassicales";"Magnoliopsida";"Tracheophyta";"Plantae"
"Biscutella laevigata subsp. laevigata";"ACGGG";"nucleus?";"POTENTIAL";"<a href=""https://www.ncbi.nlm.nih.gov/Traces/index.html?view=run_browser&acc=ERR2560431&display=metadata"" target=""_blank"">ERR2560431</a>";"0.0875";"0.127272727";"Biscutella laevigata";"Biscutella";"Brassicaceae";"Brassicales";"Magnoliopsida";"Tracheophyta";"Plantae"
"Boechera divaricarpa";"TTTAGGG";"nucleus";"POTENTIAL";"<a href=""https://www.ncbi.nlm.nih.gov/Traces/index.html?view=run_browser&acc=SRR3500627&display=metadata"" target=""_blank"">SRR3500627</a>";"0.875698324";"1";"Boechera divaricarpa";"Boechera";"Brassicaceae";"Brassicales";"Magnoliopsida";"Tracheophyta";"Plantae"
"Boechera divaricarpa";"TTCAGGG";"nucleus";"POTENTIAL";"<a href=""https://www.ncbi.nlm.nih.gov/Traces/index.html?view=run_browser&acc=SRR3500627&display=metadata"" target=""_blank"">SRR3500627</a>";"0.110335196";"0.12599681";"Boechera divaricarpa";"Boechera";"Brassicaceae";"Brassicales";"Magnoliopsida";"Tracheophyta";"Plantae"
"Boechera holboellii";"TTTAGGG";"nucleus";"POTENTIAL";"<a href=""https://www.ncbi.nlm.nih.gov/Traces/index.html?view=run_browser&acc=SRR5009553&display=metadata"" target=""_blank"">SRR5009553</a>";"1";"1";"Boechera holboellii";"Boechera";"Brassicaceae";"Brassicales";"Magnoliopsida";"Tracheophyta";"Plantae"
"Boechera holboellii";"TTCAGGG";"nucleus";"POTENTIAL";"<a href=""https://www.ncbi.nlm.nih.gov/Traces/index.html?view=run_browser&acc=SRR5009553&display=metadata"" target=""_blank"">SRR5009553</a>";"0.109195402";"0.109195402";"Boechera holboellii";"Boechera";"Brassicaceae";"Brassicales";"Magnoliopsida";"Tracheophyta";"Plantae"
"Boechera puberula";"TTTAGGG";"nucleus";"POTENTIAL";"<a href=""https://www.ncbi.nlm.nih.gov/Traces/index.html?view=run_browser&acc=ERR2560433&display=metadata"" target=""_blank"">ERR2560433</a>";"1";"1";"Boechera puberula";"Boechera";"Brassicaceae";"Brassicales";"Magnoliopsida";"Tracheophyta";"Plantae"
"Boechera puberula";"TTCAGGG";"nucleus";"POTENTIAL";"<a href=""https://www.ncbi.nlm.nih.gov/Traces/index.html?view=run_browser&acc=ERR2560433&display=metadata"" target=""_blank"">ERR2560433</a>";"0.09280303";"0.09280303";"Boechera puberula";"Boechera";"Brassicaceae";"Brassicales";"Magnoliopsida";"Tracheophyta";"Plantae"
"Boechera stricta";"TTTAGGG";"nucleus";"POTENTIAL";"<a href=""https://www.ncbi.nlm.nih.gov/Traces/index.html?view=run_browser&acc=SRR6823272&display=metadata"" target=""_blank"">SRR6823272</a>";"0.988188976";"1";"Boechera stricta";"Boechera";"Brassicaceae";"Brassicales";"Magnoliopsida";"Tracheophyta";"Plantae"
"Boechera stricta";"TTCAGGG";"nucleus";"POTENTIAL";"<a href=""https://www.ncbi.nlm.nih.gov/Traces/index.html?view=run_browser&acc=SRR6823272&display=metadata"" target=""_blank"">SRR6823272</a>";"0.098425197";"0.099601594";"Boechera stricta";"Boechera";"Brassicaceae";"Brassicales";"Magnoliopsida";"Tracheophyta";"Plantae"
"Brassica carinata";"TTTAGGG";"nucleus";"POTENTIAL";"<a href=""https://www.ncbi.nlm.nih.gov/Traces/index.html?view=run_browser&acc=SRR8126739&display=metadata"" target=""_blank"">SRR8126739</a>";"1";"1";"Brassica carinata";"Brassica";"Brassicaceae";"Brassicales";"Magnoliopsida";"Tracheophyta";"Plantae"
"Brassica carinata";"TTTGGGG";"nucleus";"POTENTIAL";"<a href=""https://www.ncbi.nlm.nih.gov/Traces/index.html?view=run_browser&acc=SRR8126739&display=metadata"" target=""_blank"">SRR8126739</a>";"0.11634349";"0.11634349";"Brassica carinata";"Brassica";"Brassicaceae";"Brassicales";"Magnoliopsida";"Tracheophyta";"Plantae"
"Brassica hilarionis";"TTTAGGG";"nucleus";"POTENTIAL";"<a href=""https://www.ncbi.nlm.nih.gov/Traces/index.html?view=run_browser&acc=SRR6453871&display=metadata"" target=""_blank"">SRR6453871</a>";"1";"1";"Brassica hilarionis";"Brassica";"Brassicaceae";"Brassicales";"Magnoliopsida";"Tracheophyta";"Plantae"
"Brassica incana";"TTTAGGG";"nucleus";"POTENTIAL";"<a href=""https://www.ncbi.nlm.nih.gov/Traces/index.html?view=run_browser&acc=SRR6453782&display=metadata"" target=""_blank"">SRR6453782</a>";"1";"1";"Brassica incana";"Brassica";"Brassicaceae";"Brassicales";"Magnoliopsida";"Tracheophyta";"Plantae"
"Brassica incana";"TTTGGGG";"nucleus";"POTENTIAL";"<a href=""https://www.ncbi.nlm.nih.gov/Traces/index.html?view=run_browser&acc=SRR6453782&display=metadata"" target=""_blank"">SRR6453782</a>";"0.07552";"0.07552";"Brassica incana";"Brassica";"Brassicaceae";"Brassicales";"Magnoliopsida";"Tracheophyta";"Plantae"
"Brassica insularis";"TTTAGGG";"nucleus";"POTENTIAL";"<a href=""https://www.ncbi.nlm.nih.gov/Traces/index.html?view=run_browser&acc=SRR6453801&display=metadata"" target=""_blank"">SRR6453801</a>";"1";"1";"Brassica insularis";"Brassica";"Brassicaceae";"Brassicales";"Magnoliopsida";"Tracheophyta";"Plantae"
"Brassica juncea";"TTTAGGG";"nucleus";"EXPERIMENTAL";"<a href=""http://www.wbios.us.edu.pl/hasterok/papers/2005/Hasterok_2005b.pdf"" target=""_blank"">Hasterok et al. 2005</a>";NA;NA;"Brassica juncea";"Brassica";"Brassicaceae";"Brassicales";"Magnoliopsida";"Tracheophyta";"Plantae"
"Brassica juncea var. tumida";"TTTAGGG";"nucleus";"POTENTIAL";"<a href=""https://www.ncbi.nlm.nih.gov/Traces/index.html?view=run_browser&acc=SRR2054713&display=metadata"" target=""_blank"">SRR2054713</a>";"1";"1";"Brassica juncea";"Brassica";"Brassicaceae";"Brassicales";"Magnoliopsida";"Tracheophyta";"Plantae"
"Brassica juncea";"TTTAGGG";"nucleus";"POTENTIAL";"<a href=""https://www.ncbi.nlm.nih.gov/Traces/index.html?view=run_browser&acc=SRR8126740&display=metadata"" target=""_blank"">SRR8126740</a>";"1";"1";"Brassica juncea";"Brassica";"Brassicaceae";"Brassicales";"Magnoliopsida";"Tracheophyta";"Plantae"
"Brassica juncea";"TTTGGGG";"nucleus";"POTENTIAL";"<a href=""https://www.ncbi.nlm.nih.gov/Traces/index.html?view=run_browser&acc=SRR8126740&display=metadata"" target=""_blank"">SRR8126740</a>";"0.053333333";"0.053333333";"Brassica juncea";"Brassica";"Brassicaceae";"Brassicales";"Magnoliopsida";"Tracheophyta";"Plantae"
"Brassica macrocarpa";"TTTAGGG";"nucleus";"POTENTIAL";"<a href=""https://www.ncbi.nlm.nih.gov/Traces/index.html?view=run_browser&acc=SRR6453614&display=metadata"" target=""_blank"">SRR6453614</a>";"1";"1";"Brassica macrocarpa";"Brassica";"Brassicaceae";"Brassicales";"Magnoliopsida";"Tracheophyta";"Plantae"
"Brassica montana";"TTTAGGG";"nucleus";"POTENTIAL";"<a href=""https://www.ncbi.nlm.nih.gov/Traces/index.html?view=run_browser&acc=SRR6453613&display=metadata"" target=""_blank"">SRR6453613</a>";"1";"1";"Brassica montana";"Brassica";"Brassicaceae";"Brassicales";"Magnoliopsida";"Tracheophyta";"Plantae"
"Brassica montana";"TTTGGGG";"nucleus";"POTENTIAL";"<a href=""https://www.ncbi.nlm.nih.gov/Traces/index.html?view=run_browser&acc=SRR6453613&display=metadata"" target=""_blank"">SRR6453613</a>";"0.073477957";"0.073477957";"Brassica montana";"Brassica";"Brassicaceae";"Brassicales";"Magnoliopsida";"Tracheophyta";"Plantae"
"Brassica napus";"TTTAGGG";"nucleus";"EXPERIMENTAL";"<a href=""https://doi.org/10.1007/s10577-008-1219-5"" target=""_blank"">Pouilly et al. 2008</a>";NA;NA;"Brassica napus";"Brassica";"Brassicaceae";"Brassicales";"Magnoliopsida";"Tracheophyta";"Plantae"
"Brassica napus";"TTTAGGG";"nucleus";"POTENTIAL";"<a href=""https://www.ncbi.nlm.nih.gov/Traces/index.html?view=run_browser&acc=SRR9320502&display=metadata"" target=""_blank"">SRR9320502</a>";"1";"1";"Brassica napus";"Brassica";"Brassicaceae";"Brassicales";"Magnoliopsida";"Tracheophyta";"Plantae"
"Brassica napus";"TTTGGGG";"nucleus";"POTENTIAL";"<a href=""https://www.ncbi.nlm.nih.gov/Traces/index.html?view=run_browser&acc=SRR9320502&display=metadata"" target=""_blank"">SRR9320502</a>";"0.115913556";"0.115913556";"Brassica napus";"Brassica";"Brassicaceae";"Brassicales";"Magnoliopsida";"Tracheophyta";"Plantae"
"Brassica napus var. napus";"TTTAGGG";"nucleus";"POTENTIAL";"<a href=""https://www.ncbi.nlm.nih.gov/Traces/index.html?view=run_browser&acc=SRR6453967&display=metadata"" target=""_blank"">SRR6453967</a>";"1";"1";"Brassica napus";"Brassica";"Brassicaceae";"Brassicales";"Magnoliopsida";"Tracheophyta";"Plantae"
"Brassica napus var. napus";"TTTGGGG";"nucleus";"POTENTIAL";"<a href=""https://www.ncbi.nlm.nih.gov/Traces/index.html?view=run_browser&acc=SRR6453967&display=metadata"" target=""_blank"">SRR6453967</a>";"0.062339001";"0.062339001";"Brassica napus";"Brassica";"Brassicaceae";"Brassicales";"Magnoliopsida";"Tracheophyta";"Plantae"
"Brassica napus var. pabularia";"TTTAGGG";"nucleus";"POTENTIAL";"<a href=""https://www.ncbi.nlm.nih.gov/Traces/index.html?view=run_browser&acc=SRR6454131&display=metadata"" target=""_blank"">SRR6454131</a>";"1";"1";"Brassica napus";"Brassica";"Brassicaceae";"Brassicales";"Magnoliopsida";"Tracheophyta";"Plantae"
"Brassica napus var. pabularia";"TTTGGGG";"nucleus";"POTENTIAL";"<a href=""https://www.ncbi.nlm.nih.gov/Traces/index.html?view=run_browser&acc=SRR6454131&display=metadata"" target=""_blank"">SRR6454131</a>";"0.059854897";"0.059854897";"Brassica napus";"Brassica";"Brassicaceae";"Brassicales";"Magnoliopsida";"Tracheophyta";"Plantae"
"Brassica napus subsp. rapifera";"TTTAGGG";"nucleus";"POTENTIAL";"<a href=""https://www.ncbi.nlm.nih.gov/Traces/index.html?view=run_browser&acc=SRR6454135&display=metadata"" target=""_blank"">SRR6454135</a>";"1";"1";"Brassica napus";"Brassica";"Brassicaceae";"Brassicales";"Magnoliopsida";"Tracheophyta";"Plantae"
"Brassica napus subsp. rapifera";"TTTGGGG";"nucleus";"POTENTIAL";"<a href=""https://www.ncbi.nlm.nih.gov/Traces/index.html?view=run_browser&acc=SRR6454135&display=metadata"" target=""_blank"">SRR6454135</a>";"0.063112078";"0.063112078";"Brassica napus";"Brassica";"Brassicaceae";"Brassicales";"Magnoliopsida";"Tracheophyta";"Plantae"
"Brassica nigra";"TTTAGGG";"nucleus";"EXPERIMENTAL";"<a href=""https://doi.org/10.1016/j.ygeno.2010.12.002"" target=""_blank"">Koo et al. 2011</a>";NA;NA;"Brassica nigra";"Brassica";"Brassicaceae";"Brassicales";"Magnoliopsida";"Tracheophyta";"Plantae"
"Brassica nigra";"TTTAGGG";"nucleus";"EXPERIMENTAL";"<a href=""https://doi.org/10.3390/cells10092358"" target=""_blank"">Campomayor et al. 2021</a>";NA;NA;"Brassica nigra";"Brassica";"Brassicaceae";"Brassicales";"Magnoliopsida";"Tracheophyta";"Plantae"
"Brassica nigra";"TTTAGGG";"nucleus";"MODEL";"<a href=""https://doi.org/10.3390/cells10092358"" target=""_blank"">Campomayor et al. 2021</a>";NA;NA;"Brassica nigra";"Brassica";"Brassicaceae";"Brassicales";"Magnoliopsida";"Tracheophyta";"Plantae"
"Brassica nigra";"TTTAGGG";"nucleus";"POTENTIAL";"<a href=""https://www.ncbi.nlm.nih.gov/Traces/index.html?view=run_browser&acc=SRR9098293&display=metadata"" target=""_blank"">SRR9098293</a>";"0.141269106";"1";"Brassica nigra";"Brassica";"Brassicaceae";"Brassicales";"Magnoliopsida";"Tracheophyta";"Plantae"
"Brassica nigra";"TTTGGGG";"nucleus";"POTENTIAL";"<a href=""https://www.ncbi.nlm.nih.gov/Traces/index.html?view=run_browser&acc=SRR9098293&display=metadata"" target=""_blank"">SRR9098293</a>";"0.020379805";"0.144262295";"Brassica nigra";"Brassica";"Brassicaceae";"Brassicales";"Magnoliopsida";"Tracheophyta";"Plantae"
"Brassica nigra";"TTAGG";"nucleus";"POTENTIAL";"<a href=""https://www.ncbi.nlm.nih.gov/Traces/index.html?view=run_browser&acc=SRR9098293&display=metadata"" target=""_blank"">SRR9098293</a>";"0.007874016";"0.055737705";"Brassica nigra";"Brassica";"Brassicaceae";"Brassicales";"Magnoliopsida";"Tracheophyta";"Plantae"
"Brassica oleracea";"TTTAGGG";"nucleus";"EXPERIMENTAL";"<a href=""https://doi.org/10.1007/s12042-008-9018-x"" target=""_blank"">Shakirov et al. 2008</a>";NA;NA;"Brassica oleracea";"Brassica";"Brassicaceae";"Brassicales";"Magnoliopsida";"Tracheophyta";"Plantae"
"Brassica oleracea ssp. capitata";"TTTAGGG";"nucleus";"EXPERIMENTAL";"<a href=""https://doi.org/10.1016/j.ygeno.2010.12.002"" target=""_blank"">Koo et al. 2011</a>";NA;NA;"Brassica oleracea";"Brassica";"Brassicaceae";"Brassicales";"Magnoliopsida";"Tracheophyta";"Plantae"
"Brassica oleracea";"TTTAGGG";"nucleus";"EXPERIMENTAL";"<a href=""https://doi.org/10.1007/s10577-014-9423-y"" target=""_blank"">Nelson et al. 2014</a>";NA;NA;"Brassica oleracea";"Brassica";"Brassicaceae";"Brassicales";"Magnoliopsida";"Tracheophyta";"Plantae"
"Brassica oleracea";"TTTAGGG";"nucleus";"EXPERIMENTAL";"<a href=""https://doi.org/10.3390/cells10092358"" target=""_blank"">Campomayor et al. 2021</a>";NA;NA;"Brassica oleracea";"Brassica";"Brassicaceae";"Brassicales";"Magnoliopsida";"Tracheophyta";"Plantae"
"Brassica oleracea";"TTTAGGG";"nucleus";"MODEL";"<a href=""https://doi.org/10.1093/nar/gkz695"" target=""_blank"">Fajkus et al. 2019</a>";NA;NA;"Brassica oleracea";"Brassica";"Brassicaceae";"Brassicales";"Magnoliopsida";"Tracheophyta";"Plantae"
"Brassica oleracea";"TTTAGGG";"nucleus";"MODEL";"<a href=""https://doi.org/10.3390/cells10092358"" target=""_blank"">Campomayor et al. 2021</a>";NA;NA;"Brassica oleracea";"Brassica";"Brassicaceae";"Brassicales";"Magnoliopsida";"Tracheophyta";"Plantae"
"Brassica oleracea var. palmifolia";"TTTAGGG";"nucleus";"POTENTIAL";"<a href=""https://www.ncbi.nlm.nih.gov/Traces/index.html?view=run_browser&acc=SRR6453824&display=metadata"" target=""_blank"">SRR6453824</a>";"1";"1";"Brassica oleracea";"Brassica";"Brassicaceae";"Brassicales";"Magnoliopsida";"Tracheophyta";"Plantae"
"Brassica oleracea var. palmifolia";"TTTGGGG";"nucleus";"POTENTIAL";"<a href=""https://www.ncbi.nlm.nih.gov/Traces/index.html?view=run_browser&acc=SRR6453824&display=metadata"" target=""_blank"">SRR6453824</a>";"0.07733813";"0.07733813";"Brassica oleracea";"Brassica";"Brassicaceae";"Brassicales";"Magnoliopsida";"Tracheophyta";"Plantae"
"Brassica oleracea var. viridis";"TTTAGGG";"nucleus";"POTENTIAL";"<a href=""https://www.ncbi.nlm.nih.gov/Traces/index.html?view=run_browser&acc=SRR6453825&display=metadata"" target=""_blank"">SRR6453825</a>";"1";"1";"Brassica oleracea";"Brassica";"Brassicaceae";"Brassicales";"Magnoliopsida";"Tracheophyta";"Plantae"
"Brassica oleracea var. viridis";"TTTGGGG";"nucleus";"POTENTIAL";"<a href=""https://www.ncbi.nlm.nih.gov/Traces/index.html?view=run_browser&acc=SRR6453825&display=metadata"" target=""_blank"">SRR6453825</a>";"0.077294686";"0.077294686";"Brassica oleracea";"Brassica";"Brassicaceae";"Brassicales";"Magnoliopsida";"Tracheophyta";"Plantae"
"Brassica oleracea var. sabauda";"TTTAGGG";"nucleus";"POTENTIAL";"<a href=""https://www.ncbi.nlm.nih.gov/Traces/index.html?view=run_browser&acc=SRR6453897&display=metadata"" target=""_blank"">SRR6453897</a>";"1";"1";"Brassica oleracea";"Brassica";"Brassicaceae";"Brassicales";"Magnoliopsida";"Tracheophyta";"Plantae"
"Brassica oleracea var. sabauda";"TTTGGGG";"nucleus";"POTENTIAL";"<a href=""https://www.ncbi.nlm.nih.gov/Traces/index.html?view=run_browser&acc=SRR6453897&display=metadata"" target=""_blank"">SRR6453897</a>";"0.080254777";"0.080254777";"Brassica oleracea";"Brassica";"Brassicaceae";"Brassicales";"Magnoliopsida";"Tracheophyta";"Plantae"
"Brassica oleracea var. gemmifera";"TTTAGGG";"nucleus";"POTENTIAL";"<a href=""https://www.ncbi.nlm.nih.gov/Traces/index.html?view=run_browser&acc=SRR6453944&display=metadata"" target=""_blank"">SRR6453944</a>";"1";"1";"Brassica oleracea";"Brassica";"Brassicaceae";"Brassicales";"Magnoliopsida";"Tracheophyta";"Plantae"
"Brassica oleracea var. gemmifera";"TTTGGGG";"nucleus";"POTENTIAL";"<a href=""https://www.ncbi.nlm.nih.gov/Traces/index.html?view=run_browser&acc=SRR6453944&display=metadata"" target=""_blank"">SRR6453944</a>";"0.074049587";"0.074049587";"Brassica oleracea";"Brassica";"Brassicaceae";"Brassicales";"Magnoliopsida";"Tracheophyta";"Plantae"
"Brassica oleracea var. gongylodes";"TTTAGGG";"nucleus";"POTENTIAL";"<a href=""https://www.ncbi.nlm.nih.gov/Traces/index.html?view=run_browser&acc=SRR6454005&display=metadata"" target=""_blank"">SRR6454005</a>";"1";"1";"Brassica oleracea";"Brassica";"Brassicaceae";"Brassicales";"Magnoliopsida";"Tracheophyta";"Plantae"
"Brassica oleracea var. gongylodes";"TTTGGGG";"nucleus";"POTENTIAL";"<a href=""https://www.ncbi.nlm.nih.gov/Traces/index.html?view=run_browser&acc=SRR6454005&display=metadata"" target=""_blank"">SRR6454005</a>";"0.080860776";"0.080860776";"Brassica oleracea";"Brassica";"Brassicaceae";"Brassicales";"Magnoliopsida";"Tracheophyta";"Plantae"
"Brassica oleracea var. italica";"TTTAGGG";"nucleus";"POTENTIAL";"<a href=""https://www.ncbi.nlm.nih.gov/Traces/index.html?view=run_browser&acc=SRR074124&display=metadata"" target=""_blank"">SRR074124</a>";"1";"1";"Brassica oleracea";"Brassica";"Brassicaceae";"Brassicales";"Magnoliopsida";"Tracheophyta";"Plantae"
"Brassica oleracea var. italica";"TTTGGGG";"nucleus";"POTENTIAL";"<a href=""https://www.ncbi.nlm.nih.gov/Traces/index.html?view=run_browser&acc=SRR074124&display=metadata"" target=""_blank"">SRR074124</a>";"0.063904144";"0.063904144";"Brassica oleracea";"Brassica";"Brassicaceae";"Brassicales";"Magnoliopsida";"Tracheophyta";"Plantae"
"Brassica oleracea var. botrytis";"TTTAGGG";"nucleus";"POTENTIAL";"<a href=""https://www.ncbi.nlm.nih.gov/Traces/index.html?view=run_browser&acc=SRR6454153&display=metadata"" target=""_blank"">SRR6454153</a>";"1";"1";"Brassica oleracea";"Brassica";"Brassicaceae";"Brassicales";"Magnoliopsida";"Tracheophyta";"Plantae"
"Brassica oleracea var. botrytis";"TTTGGGG";"nucleus";"POTENTIAL";"<a href=""https://www.ncbi.nlm.nih.gov/Traces/index.html?view=run_browser&acc=SRR6454153&display=metadata"" target=""_blank"">SRR6454153</a>";"0.083929992";"0.083929992";"Brassica oleracea";"Brassica";"Brassicaceae";"Brassicales";"Magnoliopsida";"Tracheophyta";"Plantae"
"Brassica oleracea var. capitata";"TTTAGGG";"nucleus";"POTENTIAL";"<a href=""https://www.ncbi.nlm.nih.gov/Traces/index.html?view=run_browser&acc=SRR6454155&display=metadata"" target=""_blank"">SRR6454155</a>";"1";"1";"Brassica oleracea";"Brassica";"Brassicaceae";"Brassicales";"Magnoliopsida";"Tracheophyta";"Plantae"
"Brassica oleracea var. capitata";"TTTGGGG";"nucleus";"POTENTIAL";"<a href=""https://www.ncbi.nlm.nih.gov/Traces/index.html?view=run_browser&acc=SRR6454155&display=metadata"" target=""_blank"">SRR6454155</a>";"0.086560364";"0.086560364";"Brassica oleracea";"Brassica";"Brassicaceae";"Brassicales";"Magnoliopsida";"Tracheophyta";"Plantae"
"Brassica rapa var. perviridis";"TTTAGGG";"nucleus";"EXPERIMENTAL";"<a href=""https://doi.org/10.1508/cytologia.76.353"" target=""_blank"">Shibata and Hizume 2011</a>";NA;NA;"Brassica rapa";"Brassica";"Brassicaceae";"Brassicales";"Magnoliopsida";"Tracheophyta";"Plantae"
"Brassica rapa var. perviridis";"TTAGGG";"nucleus";"EXPERIMENTAL";"<a href=""https://doi.org/10.1508/cytologia.76.353"" target=""_blank"">Shibata and Hizume 2011</a>";NA;NA;"Brassica rapa";"Brassica";"Brassicaceae";"Brassicales";"Magnoliopsida";"Tracheophyta";"Plantae"
"Brassica rapa ssp. pekinensis";"TTTAGGG";"nucleus";"EXPERIMENTAL";"<a href=""https://doi.org/10.1016/j.ygeno.2010.12.002"" target=""_blank"">Koo et al. 2011</a>";NA;NA;"Brassica rapa";"Brassica";"Brassicaceae";"Brassicales";"Magnoliopsida";"Tracheophyta";"Plantae"
"Brassica sativus ";"TTTAGGG";"nucleus";"EXPERIMENTAL";"<a href=""https://doi.org/10.1016/j.ygeno.2010.12.002"" target=""_blank"">Koo et al. 2011</a>";NA;NA;"Brassica rapa";"Brassica";"Brassicaceae";"Brassicales";"Magnoliopsida";"Tracheophyta";"Plantae"
"Brassica rapa";"TTTAGGG";"nucleus";"EXPERIMENTAL";"<a href=""https://doi.org/10.1007/s10577-014-9423-y"" target=""_blank"">Nelson et al. 2014</a>";NA;NA;"Brassica rapa";"Brassica";"Brassicaceae";"Brassicales";"Magnoliopsida";"Tracheophyta";"Plantae"
"Brassica rapa";"TTTAGGG";"nucleus";"EXPERIMENTAL";"<a href=""https://doi.org/10.3390/cells10092358"" target=""_blank"">Campomayor et al. 2021</a>";NA;NA;"Brassica rapa";"Brassica";"Brassicaceae";"Brassicales";"Magnoliopsida";"Tracheophyta";"Plantae"
"Brassica rapa";"TTTAGGG";"nucleus";"MODEL";"<a href=""https://doi.org/10.3390/cells10092358"" target=""_blank"">Campomayor et al. 2021</a>";NA;NA;"Brassica rapa";"Brassica";"Brassicaceae";"Brassicales";"Magnoliopsida";"Tracheophyta";"Plantae"
"Brassica rapa";"TTTAGGG";"nucleus";"POTENTIAL";"<a href=""https://www.ncbi.nlm.nih.gov/Traces/index.html?view=run_browser&acc=SRR8082074&display=metadata"" target=""_blank"">SRR8082074</a>";"1";"1";"Brassica rapa";"Brassica";"Brassicaceae";"Brassicales";"Magnoliopsida";"Tracheophyta";"Plantae"
"Brassica rapa var. parachinensis";"TTTAGGG";"nucleus";"POTENTIAL";"<a href=""https://www.ncbi.nlm.nih.gov/Traces/index.html?view=run_browser&acc=SRR6453756&display=metadata"" target=""_blank"">SRR6453756</a>";"1";"1";"Brassica rapa";"Brassica";"Brassicaceae";"Brassicales";"Magnoliopsida";"Tracheophyta";"Plantae"
"Brassica rapa var. parachinensis";"TTTAGAG";"nucleus";"POTENTIAL";"<a href=""https://www.ncbi.nlm.nih.gov/Traces/index.html?view=run_browser&acc=SRR6453756&display=metadata"" target=""_blank"">SRR6453756</a>";"0.053651267";"0.053651267";"Brassica rapa";"Brassica";"Brassicaceae";"Brassicales";"Magnoliopsida";"Tracheophyta";"Plantae"
"Brassica rapa subsp. oleifera";"TTTAGGG";"nucleus";"POTENTIAL";"<a href=""https://www.ncbi.nlm.nih.gov/Traces/index.html?view=run_browser&acc=SRR6453839&display=metadata"" target=""_blank"">SRR6453839</a>";"1";"1";"Brassica rapa";"Brassica";"Brassicaceae";"Brassicales";"Magnoliopsida";"Tracheophyta";"Plantae"
"Brassica rapa subsp. trilocularis";"TTTAGGG";"nucleus";"POTENTIAL";"<a href=""https://www.ncbi.nlm.nih.gov/Traces/index.html?view=run_browser&acc=SRR6453867&display=metadata"" target=""_blank"">SRR6453867</a>";"1";"1";"Brassica rapa";"Brassica";"Brassicaceae";"Brassicales";"Magnoliopsida";"Tracheophyta";"Plantae"
"Brassica rapa subsp. trilocularis";"TTTAGAG";"nucleus";"POTENTIAL";"<a href=""https://www.ncbi.nlm.nih.gov/Traces/index.html?view=run_browser&acc=SRR6453867&display=metadata"" target=""_blank"">SRR6453867</a>";"0.052413793";"0.052413793";"Brassica rapa";"Brassica";"Brassicaceae";"Brassicales";"Magnoliopsida";"Tracheophyta";"Plantae"
"Brassica rapa var. perviridis";"TTTAGGG";"nucleus";"POTENTIAL";"<a href=""https://www.ncbi.nlm.nih.gov/Traces/index.html?view=run_browser&acc=SRR6454088&display=metadata"" target=""_blank"">SRR6454088</a>";"1";"1";"Brassica rapa";"Brassica";"Brassicaceae";"Brassicales";"Magnoliopsida";"Tracheophyta";"Plantae"
"Brassica rapa Broccoletto Group";"TTTAGGG";"nucleus";"POTENTIAL";"<a href=""https://www.ncbi.nlm.nih.gov/Traces/index.html?view=run_browser&acc=SRR6454134&display=metadata"" target=""_blank"">SRR6454134</a>";"1";"1";"Brassica rapa";"Brassica";"Brassicaceae";"Brassicales";"Magnoliopsida";"Tracheophyta";"Plantae"
"Brassica rapa Broccoletto Group";"TTTAGAG";"nucleus";"POTENTIAL";"<a href=""https://www.ncbi.nlm.nih.gov/Traces/index.html?view=run_browser&acc=SRR6454134&display=metadata"" target=""_blank"">SRR6454134</a>";"0.059011164";"0.059011164";"Brassica rapa";"Brassica";"Brassicaceae";"Brassicales";"Magnoliopsida";"Tracheophyta";"Plantae"
"Brassica rapa subsp. chinensis";"TTTAGGG";"nucleus";"POTENTIAL";"<a href=""https://www.ncbi.nlm.nih.gov/Traces/index.html?view=run_browser&acc=SRR6454158&display=metadata"" target=""_blank"">SRR6454158</a>";"1";"1";"Brassica rapa";"Brassica";"Brassicaceae";"Brassicales";"Magnoliopsida";"Tracheophyta";"Plantae"
"Brassica rapa subsp. dichotoma";"TTTAGGG";"nucleus";"POTENTIAL";"<a href=""https://www.ncbi.nlm.nih.gov/Traces/index.html?view=run_browser&acc=SRR6454159&display=metadata"" target=""_blank"">SRR6454159</a>";"0.590106007";"1";"Brassica rapa";"Brassica";"Brassicaceae";"Brassicales";"Magnoliopsida";"Tracheophyta";"Plantae"
"Brassica rapa subsp. rapa";"TTTAGGG";"nucleus";"POTENTIAL";"<a href=""https://www.ncbi.nlm.nih.gov/Traces/index.html?view=run_browser&acc=SRR8929821&display=metadata"" target=""_blank"">SRR8929821</a>";"1";"1";"Brassica rapa";"Brassica";"Brassicaceae";"Brassicales";"Magnoliopsida";"Tracheophyta";"Plantae"
"Brassica rupestris";"TTTAGGG";"nucleus";"POTENTIAL";"<a href=""https://www.ncbi.nlm.nih.gov/Traces/index.html?view=run_browser&acc=SRR6453779&display=metadata"" target=""_blank"">SRR6453779</a>";"1";"1";"Brassica rupestris";"Brassica";"Brassicaceae";"Brassicales";"Magnoliopsida";"Tracheophyta";"Plantae"
"Brassica villosa";"TTTAGGG";"nucleus";"POTENTIAL";"<a href=""https://www.ncbi.nlm.nih.gov/Traces/index.html?view=run_browser&acc=SRR6453823&display=metadata"" target=""_blank"">SRR6453823</a>";"1";"1";"Brassica villosa";"Brassica";"Brassicaceae";"Brassicales";"Magnoliopsida";"Tracheophyta";"Plantae"
"Brassica villosa";"TTTGGGG";"nucleus";"POTENTIAL";"<a href=""https://www.ncbi.nlm.nih.gov/Traces/index.html?view=run_browser&acc=SRR6453823&display=metadata"" target=""_blank"">SRR6453823</a>";"0.069862613";"0.069862613";"Brassica villosa";"Brassica";"Brassicaceae";"Brassicales";"Magnoliopsida";"Tracheophyta";"Plantae"
"Braya humilis";"TTTAGGG";"nucleus";"MODEL";"<a href=""https://doi.org/10.1093/aob/mcz036"" target=""_blank"">Hloušková et al. 2019</a>";NA;NA;"Braya humilis";"Braya";"Brassicaceae";"Brassicales";"Magnoliopsida";"Tracheophyta";"Plantae"
"Bunias orientalis";"TTTAGGG";"nucleus";"EXPERIMENTAL";"<a href=""https://doi.org/10.1093/aob/mcz036"" target=""_blank"">Hloušková et al. 2019</a>";NA;NA;"Bunias orientalis";"Bunias";"Brassicaceae";"Brassicales";"Magnoliopsida";"Tracheophyta";"Plantae"
"Bunias orientalis";"TTTAGGG";"nucleus";"EXPERIMENTAL";"<a href=""https://doi.org/10.1111/tpj.15459"" target=""_blank"">Shan et al. 2021</a>";NA;NA;"Bunias orientalis";"Bunias";"Brassicaceae";"Brassicales";"Magnoliopsida";"Tracheophyta";"Plantae"
"Bunias orientalis";"TTTAGGG";"nucleus";"MODEL";"<a href=""https://doi.org/10.1093/aob/mcz036"" target=""_blank"">Hloušková et al. 2019</a>";NA;NA;"Bunias orientalis";"Bunias";"Brassicaceae";"Brassicales";"Magnoliopsida";"Tracheophyta";"Plantae"
"Camelina hispidula";"TTTAGGG";"nucleus";"EXPERIMENTAL";"<a href=""https://doi.org/10.1007/s10577-014-9423-y"" target=""_blank"">Nelson et al. 2014</a>";NA;NA;"Camelina hispida";"Camelina";"Brassicaceae";"Brassicales";"Magnoliopsida";"Tracheophyta";"Plantae"
"Camelina sativa";"TTTAGGG";"nucleus?";"POTENTIAL";"<a href=""https://www.ncbi.nlm.nih.gov/Traces/index.html?view=run_browser&acc=SRR2082664&display=metadata"" target=""_blank"">SRR2082664</a>";"0.255804137";"1";"Camelina sativa";"Camelina";"Brassicaceae";"Brassicales";"Magnoliopsida";"Tracheophyta";"Plantae"
"Capsella bursa-pastoris";"TTTAGGG";"nucleus?";"POTENTIAL";"<a href=""https://www.ncbi.nlm.nih.gov/Traces/index.html?view=run_browser&acc=SRR8904466&display=metadata"" target=""_blank"">SRR8904466</a>";"1";"1";"Capsella bursa-pastoris";"Capsella";"Brassicaceae";"Brassicales";"Magnoliopsida";"Tracheophyta";"Plantae"
"Capsella grandiflora";"TTTAGGG";"nucleus?";"POTENTIAL";"<a href=""https://www.ncbi.nlm.nih.gov/Traces/index.html?view=run_browser&acc=SRR8904470&display=metadata"" target=""_blank"">SRR8904470</a>";"1";"1";"Capsella grandiflora";"Capsella";"Brassicaceae";"Brassicales";"Magnoliopsida";"Tracheophyta";"Plantae"
"Capsella orientalis";"TTTAGGG";"nucleus?";"POTENTIAL";"<a href=""https://www.ncbi.nlm.nih.gov/Traces/index.html?view=run_browser&acc=SRR8904471&display=metadata"" target=""_blank"">SRR8904471</a>";"1";"1";"Capsella orientalis";"Capsella";"Brassicaceae";"Brassicales";"Magnoliopsida";"Tracheophyta";"Plantae"
"Capsella orientalis";"ACGGG";"nucleus?";"POTENTIAL";"<a href=""https://www.ncbi.nlm.nih.gov/Traces/index.html?view=run_browser&acc=SRR8904471&display=metadata"" target=""_blank"">SRR8904471</a>";"0.139534884";"0.139534884";"Capsella orientalis";"Capsella";"Brassicaceae";"Brassicales";"Magnoliopsida";"Tracheophyta";"Plantae"
"Capsella rubella ";"TTTAGGG";"nucleus";"EXPERIMENTAL";"<a href=""https://doi.org/10.1007/s12042-008-9018-x"" target=""_blank"">Shakirov et al. 2008</a>";NA;NA;"Capsella rubella";"Capsella";"Brassicaceae";"Brassicales";"Magnoliopsida";"Tracheophyta";"Plantae"
"Capsella rubella";"TTTAGGG";"nucleus";"EXPERIMENTAL";"<a href=""https://doi.org/10.1007/s10577-014-9423-y"" target=""_blank"">Nelson et al. 2014</a>";NA;NA;"Capsella rubella";"Capsella";"Brassicaceae";"Brassicales";"Magnoliopsida";"Tracheophyta";"Plantae"
"Capsella rubella";"TTTAGGG";"nucleus";"MODEL";"<a href=""https://doi.org/10.1093/nar/gkz695"" target=""_blank"">Fajkus et al. 2019</a>";NA;NA;"Capsella rubella";"Capsella";"Brassicaceae";"Brassicales";"Magnoliopsida";"Tracheophyta";"Plantae"
"Cardamine x insueta";"TTTAGGG";"nucleus?";"POTENTIAL";"<a href=""https://www.ncbi.nlm.nih.gov/Traces/index.html?view=run_browser&acc=SRR10230723&display=metadata"" target=""_blank"">SRR10230723</a>";"0.552831784";"1";"Cardamine ×insueta";"Cardamine";"Brassicaceae";"Brassicales";"Magnoliopsida";"Tracheophyta";"Plantae"
"Cardamine x insueta";"TTCGGG";"nucleus?";"POTENTIAL";"<a href=""https://www.ncbi.nlm.nih.gov/Traces/index.html?view=run_browser&acc=SRR10230723&display=metadata"" target=""_blank"">SRR10230723</a>";"0.031276416";"0.056574924";"Cardamine ×insueta";"Cardamine";"Brassicaceae";"Brassicales";"Magnoliopsida";"Tracheophyta";"Plantae"
"Cardamine amara";"TTTAGGG";"nucleus";"EXPERIMENTAL";"<a href=""https://doi.org/10.1093/aob/mcz019"" target=""_blank"">Mandáková et al. 2019</a>";NA;NA;"Cardamine amara";"Cardamine";"Brassicaceae";"Brassicales";"Magnoliopsida";"Tracheophyta";"Plantae"
"Cardamine amara";"TTTAGGG";"nucleus";"EXPERIMENTAL";"<a href=""https://doi.org/10.1111/tpj.15459"" target=""_blank"">Shan et al. 2021</a>";NA;NA;"Cardamine amara";"Cardamine";"Brassicaceae";"Brassicales";"Magnoliopsida";"Tracheophyta";"Plantae"
"Cardamine amara";"TTAGG";"nucleus?";"POTENTIAL";"<a href=""https://www.ncbi.nlm.nih.gov/Traces/index.html?view=run_browser&acc=SRR10230724&display=metadata"" target=""_blank"">SRR10230724</a>";"0.667906483";"1";"Cardamine amara";"Cardamine";"Brassicaceae";"Brassicales";"Magnoliopsida";"Tracheophyta";"Plantae"
"Cardamine amara";"TTTAGGG";"nucleus?";"POTENTIAL";"<a href=""https://www.ncbi.nlm.nih.gov/Traces/index.html?view=run_browser&acc=SRR10230724&display=metadata"" target=""_blank"">SRR10230724</a>";"0.184378321";"0.276054097";"Cardamine amara";"Cardamine";"Brassicaceae";"Brassicales";"Magnoliopsida";"Tracheophyta";"Plantae"
"Cardamine flexuosa";"TTTAGGG";"nucleus?";"POTENTIAL";"<a href=""https://www.ncbi.nlm.nih.gov/Traces/index.html?view=run_browser&acc=SRR10230721&display=metadata"" target=""_blank"">SRR10230721</a>";"0.713128039";"1";"Cardamine flexuosa";"Cardamine";"Brassicaceae";"Brassicales";"Magnoliopsida";"Tracheophyta";"Plantae"
"Cardamine hirsuta";"TTTAGGG";"nucleus";"EXPERIMENTAL";"<a href=""https://doi.org/10.1007/s10577-014-9423-y"" target=""_blank"">Nelson et al. 2014</a>";NA;NA;"Cardamine hirsuta";"Cardamine";"Brassicaceae";"Brassicales";"Magnoliopsida";"Tracheophyta";"Plantae"
"Cardamine hirsuta";"TTTAGGG";"nucleus?";"POTENTIAL";"<a href=""https://www.ncbi.nlm.nih.gov/Traces/index.html?view=run_browser&acc=SRR3529524&display=metadata"" target=""_blank"">SRR3529524</a>";"1";"1";"Cardamine hirsuta";"Cardamine";"Brassicaceae";"Brassicales";"Magnoliopsida";"Tracheophyta";"Plantae"
"Cardamine leucantha";"TTTAGGG";"nucleus?";"POTENTIAL";"<a href=""https://www.ncbi.nlm.nih.gov/Traces/index.html?view=run_browser&acc=DRR231530&display=metadata"" target=""_blank"">DRR231530</a>";"1";"1";"Cardamine leucantha";"Cardamine";"Brassicaceae";"Brassicales";"Magnoliopsida";"Tracheophyta";"Plantae"
"Cardamine occulta";"TTTAGGG";"nucleus";"EXPERIMENTAL";"<a href=""https://doi.org/10.1093/aob/mcz019"" target=""_blank"">Mandáková et al. 2019</a>";NA;NA;"Cardamine occulta";"Cardamine";"Brassicaceae";"Brassicales";"Magnoliopsida";"Tracheophyta";"Plantae"
"Cardamine parviflora";"TTTAGGG";"nucleus";"EXPERIMENTAL";"<a href=""https://doi.org/10.1093/aob/mcz019"" target=""_blank"">Mandáková et al. 2019</a>";NA;NA;"Cardamine parviflora";"Cardamine";"Brassicaceae";"Brassicales";"Magnoliopsida";"Tracheophyta";"Plantae"
"Cardamine scutata";"TTTAGGG";"nucleus";"EXPERIMENTAL";"<a href=""https://doi.org/10.1093/aob/mcz019"" target=""_blank"">Mandáková et al. 2019</a>";NA;NA;"Cardamine scutata";"Cardamine";"Brassicaceae";"Brassicales";"Magnoliopsida";"Tracheophyta";"Plantae"
"Cochlearia aestuaria";"TTTAGGG";"nucleus?";"POTENTIAL";"<a href=""https://www.ncbi.nlm.nih.gov/Traces/index.html?view=run_browser&acc=ERR2078342&display=metadata"" target=""_blank"">ERR2078342</a>";"0.423076923";"1";"Cochlearia aestuaria";"Cochlearia";"Brassicaceae";"Brassicales";"Magnoliopsida";"Tracheophyta";"Plantae"
"Cochlearia aestuaria";"TTTGGG";"nucleus?";"POTENTIAL";"<a href=""https://www.ncbi.nlm.nih.gov/Traces/index.html?view=run_browser&acc=ERR2078342&display=metadata"" target=""_blank"">ERR2078342</a>";"0.288461539";"0.681818182";"Cochlearia aestuaria";"Cochlearia";"Brassicaceae";"Brassicales";"Magnoliopsida";"Tracheophyta";"Plantae"
"Cochlearia anglica";"TTTAGGG";"nucleus?";"POTENTIAL";"<a href=""https://www.ncbi.nlm.nih.gov/Traces/index.html?view=run_browser&acc=ERR2078339&display=metadata"" target=""_blank"">ERR2078339</a>";"1";"1";"Cochlearia anglica";"Cochlearia";"Brassicaceae";"Brassicales";"Magnoliopsida";"Tracheophyta";"Plantae"
"Cochlearia borzaeana";"TTTAGGG";"nucleus?";"POTENTIAL";"<a href=""https://www.ncbi.nlm.nih.gov/Traces/index.html?view=run_browser&acc=ERR2078324&display=metadata"" target=""_blank"">ERR2078324</a>";"1";"1";"Cochlearia borzaeana";"Cochlearia";"Brassicaceae";"Brassicales";"Magnoliopsida";"Tracheophyta";"Plantae"
"Cochlearia danica";"TTTAGGG";"nucleus?";"POTENTIAL";"<a href=""https://www.ncbi.nlm.nih.gov/Traces/index.html?view=run_browser&acc=ERR2078370&display=metadata"" target=""_blank"">ERR2078370</a>";"1";"1";"Cochlearia danica";"Cochlearia";"Brassicaceae";"Brassicales";"Magnoliopsida";"Tracheophyta";"Plantae"
"Cochlearia islandica";"TTTAGGG";"nucleus?";"POTENTIAL";"<a href=""https://www.ncbi.nlm.nih.gov/Traces/index.html?view=run_browser&acc=ERR2078361&display=metadata"" target=""_blank"">ERR2078361</a>";"1";"1";"Cochlearia groenlandica";"Cochlearia";"Brassicaceae";"Brassicales";"Magnoliopsida";"Tracheophyta";"Plantae"
"Cochlearia groenlandica";"TTTAGGG";"nucleus?";"POTENTIAL";"<a href=""https://www.ncbi.nlm.nih.gov/Traces/index.html?view=run_browser&acc=ERR2078363&display=metadata"" target=""_blank"">ERR2078363</a>";"1";"1";"Cochlearia groenlandica";"Cochlearia";"Brassicaceae";"Brassicales";"Magnoliopsida";"Tracheophyta";"Plantae"
"Cochlearia micacea";"TTTAGGG";"nucleus?";"POTENTIAL";"<a href=""https://www.ncbi.nlm.nih.gov/Traces/index.html?view=run_browser&acc=ERR2078338&display=metadata"" target=""_blank"">ERR2078338</a>";"1";"1";"Cochlearia micacea";"Cochlearia";"Brassicaceae";"Brassicales";"Magnoliopsida";"Tracheophyta";"Plantae"
"Cochlearia officinalis";"TTTAGGG";"nucleus?";"POTENTIAL";"<a href=""https://www.ncbi.nlm.nih.gov/Traces/index.html?view=run_browser&acc=ERR2560438&display=metadata"" target=""_blank"">ERR2560438</a>";"1";"1";"Cochlearia officinalis";"Cochlearia";"Brassicaceae";"Brassicales";"Magnoliopsida";"Tracheophyta";"Plantae"
"Cochlearia polonica";"TTTAGGG";"nucleus?";"POTENTIAL";"<a href=""https://www.ncbi.nlm.nih.gov/Traces/index.html?view=run_browser&acc=ERR2078304&display=metadata"" target=""_blank"">ERR2078304</a>";"1";"1";"Cochlearia polonica";"Cochlearia";"Brassicaceae";"Brassicales";"Magnoliopsida";"Tracheophyta";"Plantae"
"Cochlearia polonica";"TTCGGG";"nucleus?";"POTENTIAL";"<a href=""https://www.ncbi.nlm.nih.gov/Traces/index.html?view=run_browser&acc=ERR2078304&display=metadata"" target=""_blank"">ERR2078304</a>";"0.061016949";"0.061016949";"Cochlearia polonica";"Cochlearia";"Brassicaceae";"Brassicales";"Magnoliopsida";"Tracheophyta";"Plantae"
"Cochlearia polonica";"TATAGGG";"nucleus?";"POTENTIAL";"<a href=""https://www.ncbi.nlm.nih.gov/Traces/index.html?view=run_browser&acc=ERR2078304&display=metadata"" target=""_blank"">ERR2078304</a>";"0.054237288";"0.054237288";"Cochlearia polonica";"Cochlearia";"Brassicaceae";"Brassicales";"Magnoliopsida";"Tracheophyta";"Plantae"
"Cochlearia macrorrhiza";"TTTAGGG";"nucleus?";"POTENTIAL";"<a href=""https://www.ncbi.nlm.nih.gov/Traces/index.html?view=run_browser&acc=ERR2078294&display=metadata"" target=""_blank"">ERR2078294</a>";"1";"1";"Cochlearia pyrenaica";"Cochlearia";"Brassicaceae";"Brassicales";"Magnoliopsida";"Tracheophyta";"Plantae"
"Cochlearia macrorrhiza";"TTCGGG";"nucleus?";"POTENTIAL";"<a href=""https://www.ncbi.nlm.nih.gov/Traces/index.html?view=run_browser&acc=ERR2078294&display=metadata"" target=""_blank"">ERR2078294</a>";"0.072649573";"0.072649573";"Cochlearia pyrenaica";"Cochlearia";"Brassicaceae";"Brassicales";"Magnoliopsida";"Tracheophyta";"Plantae"
"Cochlearia excelsa";"TTTAGGG";"nucleus?";"POTENTIAL";"<a href=""https://www.ncbi.nlm.nih.gov/Traces/index.html?view=run_browser&acc=ERR2078341&display=metadata"" target=""_blank"">ERR2078341</a>";"1";"1";"Cochlearia pyrenaica";"Cochlearia";"Brassicaceae";"Brassicales";"Magnoliopsida";"Tracheophyta";"Plantae"
"Cochlearia pyrenaica";"TTTAGGG";"nucleus?";"POTENTIAL";"<a href=""https://www.ncbi.nlm.nih.gov/Traces/index.html?view=run_browser&acc=ERR2078369&display=metadata"" target=""_blank"">ERR2078369</a>";"1";"1";"Cochlearia pyrenaica";"Cochlearia";"Brassicaceae";"Brassicales";"Magnoliopsida";"Tracheophyta";"Plantae"
"Cochlearia tatrae";"TTTAGGG";"nucleus?";"POTENTIAL";"<a href=""https://www.ncbi.nlm.nih.gov/Traces/index.html?view=run_browser&acc=ERR2078359&display=metadata"" target=""_blank"">ERR2078359</a>";"1";"1";"Cochlearia tatrae";"Cochlearia";"Brassicaceae";"Brassicales";"Magnoliopsida";"Tracheophyta";"Plantae"
"Cochlearia tridactylites";"TTTAGGG";"nucleus?";"POTENTIAL";"<a href=""https://www.ncbi.nlm.nih.gov/Traces/index.html?view=run_browser&acc=ERR2078360&display=metadata"" target=""_blank"">ERR2078360</a>";"1";"1";"Cochlearia tridactylites";"Cochlearia";"Brassicaceae";"Brassicales";"Magnoliopsida";"Tracheophyta";"Plantae"
"Conringia planisiliqua";"TTTAGGG";"nucleus?";"POTENTIAL";"<a href=""https://www.ncbi.nlm.nih.gov/Traces/index.html?view=run_browser&acc=ERR2560440&display=metadata"" target=""_blank"">ERR2560440</a>";"1";"1";"Conringia planisiliqua";"Conringia";"Brassicaceae";"Brassicales";"Magnoliopsida";"Tracheophyta";"Plantae"
"Crambe hispanica";"TTTAGGG";"nucleus?";"POTENTIAL";"<a href=""https://www.ncbi.nlm.nih.gov/Traces/index.html?view=run_browser&acc=SRR6454001&display=metadata"" target=""_blank"">SRR6454001</a>";"0.55513308";"1";"Crambe hispanica";"Crambe";"Brassicaceae";"Brassicales";"Magnoliopsida";"Tracheophyta";"Plantae"
"Crambe hispanica";"TTTGGGG";"nucleus?";"POTENTIAL";"<a href=""https://www.ncbi.nlm.nih.gov/Traces/index.html?view=run_browser&acc=SRR6454001&display=metadata"" target=""_blank"">SRR6454001</a>";"0.041825095";"0.075342466";"Crambe hispanica";"Crambe";"Brassicaceae";"Brassicales";"Magnoliopsida";"Tracheophyta";"Plantae"
"Descurainia preauxiana";"TTTAGGG";"nucleus";"EXPERIMENTAL";"<a href=""https://doi.org/10.1111/tpj.15459"" target=""_blank"">Shan et al. 2021</a>";NA;NA;"Descurainia preauxiana";"Descurainia";"Brassicaceae";"Brassicales";"Magnoliopsida";"Tracheophyta";"Plantae"
"Erucastrum elatum";"TTTAGGG";"nucleus?";"POTENTIAL";"<a href=""https://www.ncbi.nlm.nih.gov/Traces/index.html?view=run_browser&acc=ERR2560446&display=metadata"" target=""_blank"">ERR2560446</a>";"0.167328042";"1";"Erucastrum elatum";"Erucastrum";"Brassicaceae";"Brassicales";"Magnoliopsida";"Tracheophyta";"Plantae"
"Erucastrum elatum";"TTAGG";"nucleus?";"POTENTIAL";"<a href=""https://www.ncbi.nlm.nih.gov/Traces/index.html?view=run_browser&acc=ERR2560446&display=metadata"" target=""_blank"">ERR2560446</a>";"0.014550265";"0.086956522";"Erucastrum elatum";"Erucastrum";"Brassicaceae";"Brassicales";"Magnoliopsida";"Tracheophyta";"Plantae"
"Erucastrum elatum";"TTTAGG";"nucleus?";"POTENTIAL";"<a href=""https://www.ncbi.nlm.nih.gov/Traces/index.html?view=run_browser&acc=ERR2560446&display=metadata"" target=""_blank"">ERR2560446</a>";"0.009920635";"0.059288538";"Erucastrum elatum";"Erucastrum";"Brassicaceae";"Brassicales";"Magnoliopsida";"Tracheophyta";"Plantae"
"Erucastrum elatum";"TTTAGAG";"nucleus?";"POTENTIAL";"<a href=""https://www.ncbi.nlm.nih.gov/Traces/index.html?view=run_browser&acc=ERR2560446&display=metadata"" target=""_blank"">ERR2560446</a>";"0.008597884";"0.051383399";"Erucastrum elatum";"Erucastrum";"Brassicaceae";"Brassicales";"Magnoliopsida";"Tracheophyta";"Plantae"
"Erysimum baeticum";"TTTAGGG";"nucleus?";"POTENTIAL";"<a href=""https://www.ncbi.nlm.nih.gov/Traces/index.html?view=run_browser&acc=SRR7223704&display=metadata"" target=""_blank"">SRR7223704</a>";"0.168779343";"1";"Erysimum baeticum";"Erysimum";"Brassicaceae";"Brassicales";"Magnoliopsida";"Tracheophyta";"Plantae"
"Erysimum cheiri";"TTTAGGG";"nucleus?";"POTENTIAL";"<a href=""https://www.ncbi.nlm.nih.gov/Traces/index.html?view=run_browser&acc=ERR2560448&display=metadata"" target=""_blank"">ERR2560448</a>";"0.113207547";"1";"Erysimum cheiri";"Erysimum";"Brassicaceae";"Brassicales";"Magnoliopsida";"Tracheophyta";"Plantae"
"Erysimum cheiri";"TTAGGG";"nucleus?";"POTENTIAL";"<a href=""https://www.ncbi.nlm.nih.gov/Traces/index.html?view=run_browser&acc=ERR2560448&display=metadata"" target=""_blank"">ERR2560448</a>";"0.00990566";"0.0875";"Erysimum cheiri";"Erysimum";"Brassicaceae";"Brassicales";"Magnoliopsida";"Tracheophyta";"Plantae"
"Erysimum cheiri";"TTCAGGG";"nucleus?";"POTENTIAL";"<a href=""https://www.ncbi.nlm.nih.gov/Traces/index.html?view=run_browser&acc=ERR2560448&display=metadata"" target=""_blank"">ERR2560448</a>";"0.006603774";"0.058333333";"Erysimum cheiri";"Erysimum";"Brassicaceae";"Brassicales";"Magnoliopsida";"Tracheophyta";"Plantae"
"Erysimum mediohispanicum";"TTAGGG";"nucleus";"POTENTIAL";"<a href=""https://www.ncbi.nlm.nih.gov/Traces/index.html?view=run_browser&acc=SRR7223703&display=metadata"" target=""_blank"">SRR7223703</a>";"0.622734761";"1";"Erysimum nevadense";"Erysimum";"Brassicaceae";"Brassicales";"Magnoliopsida";"Tracheophyta";"Plantae"
"Erysimum mediohispanicum";"TTTAGGG";"nucleus";"POTENTIAL";"<a href=""https://www.ncbi.nlm.nih.gov/Traces/index.html?view=run_browser&acc=SRR7223703&display=metadata"" target=""_blank"">SRR7223703</a>";"0.518945634";"0.833333333";"Erysimum nevadense";"Erysimum";"Brassicaceae";"Brassicales";"Magnoliopsida";"Tracheophyta";"Plantae"
"Erysimum mediohispanicum";"TTCGGG";"nucleus";"POTENTIAL";"<a href=""https://www.ncbi.nlm.nih.gov/Traces/index.html?view=run_browser&acc=SRR7223703&display=metadata"" target=""_blank"">SRR7223703</a>";"0.046128501";"0.074074074";"Erysimum nevadense";"Erysimum";"Brassicaceae";"Brassicales";"Magnoliopsida";"Tracheophyta";"Plantae"
"Erysimum nevadense";"TTAGGG";"nucleus";"POTENTIAL";"<a href=""https://www.ncbi.nlm.nih.gov/Traces/index.html?view=run_browser&acc=SRR7408224&display=metadata"" target=""_blank"">SRR7408224</a>";"1";"1";"Erysimum nevadense";"Erysimum";"Brassicaceae";"Brassicales";"Magnoliopsida";"Tracheophyta";"Plantae"
"Erysimum nevadense";"TTTAGGG";"nucleus";"POTENTIAL";"<a href=""https://www.ncbi.nlm.nih.gov/Traces/index.html?view=run_browser&acc=SRR7408224&display=metadata"" target=""_blank"">SRR7408224</a>";"0.874015748";"0.874015748";"Erysimum nevadense";"Erysimum";"Brassicaceae";"Brassicales";"Magnoliopsida";"Tracheophyta";"Plantae"
"Erysimum pusillum";"TTTAGGG";"nucleus";"POTENTIAL";"<a href=""https://www.ncbi.nlm.nih.gov/Traces/index.html?view=run_browser&acc=ERR2560453&display=metadata"" target=""_blank"">ERR2560453</a>";"0.770491803";"1";"Erysimum pusillum";"Erysimum";"Brassicaceae";"Brassicales";"Magnoliopsida";"Tracheophyta";"Plantae"
"Erysimum pusillum";"TTAGGG";"nucleus";"POTENTIAL";"<a href=""https://www.ncbi.nlm.nih.gov/Traces/index.html?view=run_browser&acc=ERR2560453&display=metadata"" target=""_blank"">ERR2560453</a>";"0.226229508";"0.293617021";"Erysimum pusillum";"Erysimum";"Brassicaceae";"Brassicales";"Magnoliopsida";"Tracheophyta";"Plantae"
"Euclidium syriacum";"TTTAGGG";"nucleus";"EXPERIMENTAL";"<a href=""https://doi.org/10.1093/aob/mcz036"" target=""_blank"">Hloušková et al. 2019</a>";NA;NA;"Euclidium syriacum";"Euclidium";"Brassicaceae";"Brassicales";"Magnoliopsida";"Tracheophyta";"Plantae"
"Euclidium syriacum";"TTTAGGG";"nucleus";"EXPERIMENTAL";"<a href=""https://doi.org/10.1111/tpj.15459"" target=""_blank"">Shan et al. 2021</a>";NA;NA;"Euclidium syriacum";"Euclidium";"Brassicaceae";"Brassicales";"Magnoliopsida";"Tracheophyta";"Plantae"
"Euclidium syriacum";"TTTAGGG";"nucleus?";"POTENTIAL";"<a href=""https://www.ncbi.nlm.nih.gov/Traces/index.html?view=run_browser&acc=ERR1773714&display=metadata"" target=""_blank"">ERR1773714</a>";"0.349112426";"1";"Euclidium syriacum";"Euclidium";"Brassicaceae";"Brassicales";"Magnoliopsida";"Tracheophyta";"Plantae"
"Eutrema salsugineum";"TTTAGGG";"nucleus";"EXPERIMENTAL";"<a href=""https://doi.org/10.1007/s10577-014-9423-y"" target=""_blank"">Nelson et al. 2014</a>";NA;NA;"Eutrema salsugineum";"Eutrema";"Brassicaceae";"Brassicales";"Magnoliopsida";"Tracheophyta";"Plantae"
"Heliophila coronopifolia";"TTTAGGG";"nucleus?";"POTENTIAL";"<a href=""https://www.ncbi.nlm.nih.gov/Traces/index.html?view=run_browser&acc=ERR2560457&display=metadata"" target=""_blank"">ERR2560457</a>";"0.981818182";"1";"Heliophila coronopifolia";"Heliophila";"Brassicaceae";"Brassicales";"Magnoliopsida";"Tracheophyta";"Plantae"
"Heliophila coronopifolia";"ACGGG";"nucleus?";"POTENTIAL";"<a href=""https://www.ncbi.nlm.nih.gov/Traces/index.html?view=run_browser&acc=ERR2560457&display=metadata"" target=""_blank"">ERR2560457</a>";"0.446753247";"0.455026455";"Heliophila coronopifolia";"Heliophila";"Brassicaceae";"Brassicales";"Magnoliopsida";"Tracheophyta";"Plantae"
"Heliophila coronopifolia";"TTCGGG";"nucleus?";"POTENTIAL";"<a href=""https://www.ncbi.nlm.nih.gov/Traces/index.html?view=run_browser&acc=ERR2560457&display=metadata"" target=""_blank"">ERR2560457</a>";"0.090909091";"0.092592593";"Heliophila coronopifolia";"Heliophila";"Brassicaceae";"Brassicales";"Magnoliopsida";"Tracheophyta";"Plantae"
"Hesperis sylvestris";"TTTAGGG";"nucleus";"EXPERIMENTAL";"<a href=""https://doi.org/10.1111/tpj.15459"" target=""_blank"">Shan et al. 2021</a>";NA;NA;"Hesperis sylvestris";"Hesperis";"Brassicaceae";"Brassicales";"Magnoliopsida";"Tracheophyta";"Plantae"
"Chorispora tenella";"TTTAGGG";"nucleus";"EXPERIMENTAL";"<a href=""https://doi.org/10.1093/aob/mcz036"" target=""_blank"">Hloušková et al. 2019</a>";NA;NA;"Chorispora tenella";"Chorispora";"Brassicaceae";"Brassicales";"Magnoliopsida";"Tracheophyta";"Plantae"
"Chorispora tenella";"TTTAGGG";"nucleus";"MODEL";"<a href=""https://doi.org/10.1093/aob/mcz036"" target=""_blank"">Hloušková et al. 2019</a>";NA;NA;"Chorispora tenella";"Chorispora";"Brassicaceae";"Brassicales";"Magnoliopsida";"Tracheophyta";"Plantae"
"Iberis amara";"TTTAGGG";"nucleus?";"POTENTIAL";"<a href=""https://www.ncbi.nlm.nih.gov/Traces/index.html?view=run_browser&acc=ERR2560462&display=metadata"" target=""_blank"">ERR2560462</a>";"1";"1";"Iberis amara";"Iberis";"Brassicaceae";"Brassicales";"Magnoliopsida";"Tracheophyta";"Plantae"
"Iberis amara";"TTAAGGG";"nucleus?";"POTENTIAL";"<a href=""https://www.ncbi.nlm.nih.gov/Traces/index.html?view=run_browser&acc=ERR2560462&display=metadata"" target=""_blank"">ERR2560462</a>";"0.283987915";"0.283987915";"Iberis amara";"Iberis";"Brassicaceae";"Brassicales";"Magnoliopsida";"Tracheophyta";"Plantae"
"Ionopsidium abulense";"TTTAGGG";"nucleus?";"POTENTIAL";"<a href=""https://www.ncbi.nlm.nih.gov/Traces/index.html?view=run_browser&acc=ERR2078306&display=metadata"" target=""_blank"">ERR2078306</a>";"0.234234234";"1";"Ionopsidium abulense";"Ionopsidium";"Brassicaceae";"Brassicales";"Magnoliopsida";"Tracheophyta";"Plantae"
"Ionopsidium acaule";"TTTAGGG";"nucleus?";"POTENTIAL";"<a href=""https://www.ncbi.nlm.nih.gov/Traces/index.html?view=run_browser&acc=ERR2078332&display=metadata"" target=""_blank"">ERR2078332</a>";"1";"1";"Ionopsidium acaule";"Ionopsidium";"Brassicaceae";"Brassicales";"Magnoliopsida";"Tracheophyta";"Plantae"
"Ionopsidium acaule";"TTAGG";"nucleus?";"POTENTIAL";"<a href=""https://www.ncbi.nlm.nih.gov/Traces/index.html?view=run_browser&acc=ERR2078332&display=metadata"" target=""_blank"">ERR2078332</a>";"0.059080963";"0.059080963";"Ionopsidium acaule";"Ionopsidium";"Brassicaceae";"Brassicales";"Magnoliopsida";"Tracheophyta";"Plantae"
"Ionopsidium megalospermum";"TTTAGGG";"nucleus?";"POTENTIAL";"<a href=""https://www.ncbi.nlm.nih.gov/Traces/index.html?view=run_browser&acc=ERR2078368&display=metadata"" target=""_blank"">ERR2078368</a>";"1";"1";"Ionopsidium megalospermum";"Ionopsidium";"Brassicaceae";"Brassicales";"Magnoliopsida";"Tracheophyta";"Plantae"
"Isatis lusitanica";"TTTAGGG";"nucleus?";"POTENTIAL";"<a href=""https://www.ncbi.nlm.nih.gov/Traces/index.html?view=run_browser&acc=ERR2560478&display=metadata"" target=""_blank"">ERR2560478</a>";"1";"1";"Isatis lusitanica";"Isatis";"Brassicaceae";"Brassicales";"Magnoliopsida";"Tracheophyta";"Plantae"
"Isatis tinctoria";"TTTAGGG";"nucleus?";"POTENTIAL";"<a href=""https://www.ncbi.nlm.nih.gov/Traces/index.html?view=run_browser&acc=ERR2560486&display=metadata"" target=""_blank"">ERR2560486</a>";"1";"1";"Isatis tinctoria";"Isatis";"Brassicaceae";"Brassicales";"Magnoliopsida";"Tracheophyta";"Plantae"
"Kernera saxatilis";"TTTAGGG";"nucleus?";"POTENTIAL";"<a href=""https://www.ncbi.nlm.nih.gov/Traces/index.html?view=run_browser&acc=ERR2560490&display=metadata"" target=""_blank"">ERR2560490</a>";"1";"1";"Kernera saxatilis";"Kernera";"Brassicaceae";"Brassicales";"Magnoliopsida";"Tracheophyta";"Plantae"
"Kernera saxatilis";"TTTGGGG";"nucleus?";"POTENTIAL";"<a href=""https://www.ncbi.nlm.nih.gov/Traces/index.html?view=run_browser&acc=ERR2560490&display=metadata"" target=""_blank"">ERR2560490</a>";"0.154";"0.154";"Kernera saxatilis";"Kernera";"Brassicaceae";"Brassicales";"Magnoliopsida";"Tracheophyta";"Plantae"
"Lepidium africanum";"TTTAGGG";"nucleus?";"POTENTIAL";"<a href=""https://www.ncbi.nlm.nih.gov/Traces/index.html?view=run_browser&acc=ERR2560493&display=metadata"" target=""_blank"">ERR2560493</a>";"0.769021739";"1";"Lepidium africanum";"Lepidium";"Brassicaceae";"Brassicales";"Magnoliopsida";"Tracheophyta";"Plantae"
"Lepidium africanum";"TTCAGGG";"nucleus?";"POTENTIAL";"<a href=""https://www.ncbi.nlm.nih.gov/Traces/index.html?view=run_browser&acc=ERR2560493&display=metadata"" target=""_blank"">ERR2560493</a>";"0.04076087";"0.053003534";"Lepidium africanum";"Lepidium";"Brassicaceae";"Brassicales";"Magnoliopsida";"Tracheophyta";"Plantae"
"Lepidium aucheri";"TTTAGGG";"nucleus?";"POTENTIAL";"<a href=""https://www.ncbi.nlm.nih.gov/Traces/index.html?view=run_browser&acc=ERR2560497&display=metadata"" target=""_blank"">ERR2560497</a>";"0.632653061";"1";"Lepidium aucheri";"Lepidium";"Brassicaceae";"Brassicales";"Magnoliopsida";"Tracheophyta";"Plantae"
"Macropodium nivale";"TTTAGGG";"nucleus?";"POTENTIAL";"<a href=""https://www.ncbi.nlm.nih.gov/Traces/index.html?view=run_browser&acc=ERR2560503&display=metadata"" target=""_blank"">ERR2560503</a>";"0.499532273";"1";"Macropodium nivale";"Macropodium";"Brassicaceae";"Brassicales";"Magnoliopsida";"Tracheophyta";"Plantae"
"Nasturtium microphyllum";"TTTAGGG";"nucleus";"EXPERIMENTAL";"<a href=""https://doi.org/10.1104/pp.18.01165"" target=""_blank"">Mandáková and Lysak 2019</a>";NA;NA;"Nasturtium microphyllum";"Nasturtium";"Brassicaceae";"Brassicales";"Magnoliopsida";"Tracheophyta";"Plantae"
"Nasturtium officinale";"TTTAGGG";"nucleus";"EXPERIMENTAL";"<a href=""https://doi.org/10.1104/pp.18.01165"" target=""_blank"">Mandáková and Lysak 2019</a>";NA;NA;"Nasturtium officinale";"Nasturtium";"Brassicaceae";"Brassicales";"Magnoliopsida";"Tracheophyta";"Plantae"
"Nasturtium officinale";"TTTAGGG";"nucleus?";"POTENTIAL";"<a href=""https://www.ncbi.nlm.nih.gov/Traces/index.html?view=run_browser&acc=ERR2560508&display=metadata"" target=""_blank"">ERR2560508</a>";"1";"1";"Nasturtium officinale";"Nasturtium";"Brassicaceae";"Brassicales";"Magnoliopsida";"Tracheophyta";"Plantae"
"Raparia bulbosa";"TTTAGGG";"nucleus?";"POTENTIAL";"<a href=""https://www.ncbi.nlm.nih.gov/Traces/index.html?view=run_browser&acc=ERR2560541&display=metadata"" target=""_blank"">ERR2560541</a>";"1";"1";"Noccaea bulbosa";"Noccaea";"Brassicaceae";"Brassicales";"Magnoliopsida";"Tracheophyta";"Plantae"
"Raparia bulbosa";"TTTGGGG";"nucleus?";"POTENTIAL";"<a href=""https://www.ncbi.nlm.nih.gov/Traces/index.html?view=run_browser&acc=ERR2560541&display=metadata"" target=""_blank"">ERR2560541</a>";"0.085271318";"0.085271318";"Noccaea bulbosa";"Noccaea";"Brassicaceae";"Brassicales";"Magnoliopsida";"Tracheophyta";"Plantae"
"Noccaea caerulescens";"TTTAGGG";"nucleus?";"POTENTIAL";"<a href=""https://www.ncbi.nlm.nih.gov/Traces/index.html?view=run_browser&acc=ERR2560511&display=metadata"" target=""_blank"">ERR2560511</a>";"0.937086093";"1";"Noccaea caerulescens";"Noccaea";"Brassicaceae";"Brassicales";"Magnoliopsida";"Tracheophyta";"Plantae"
"Noccaea caerulescens";"TTATTGG";"nucleus?";"POTENTIAL";"<a href=""https://www.ncbi.nlm.nih.gov/Traces/index.html?view=run_browser&acc=ERR2560511&display=metadata"" target=""_blank"">ERR2560511</a>";"0.049668874";"0.053003534";"Noccaea caerulescens";"Noccaea";"Brassicaceae";"Brassicales";"Magnoliopsida";"Tracheophyta";"Plantae"
"Noccaea goesingensis";"TTTAGGG";"nucleus?";"POTENTIAL";"<a href=""https://www.ncbi.nlm.nih.gov/Traces/index.html?view=run_browser&acc=ERR2560514&display=metadata"" target=""_blank"">ERR2560514</a>";"1";"1";"Noccaea goesingensis";"Noccaea";"Brassicaceae";"Brassicales";"Magnoliopsida";"Tracheophyta";"Plantae"
"Microthlaspi erraticum";"TTTAGGG";"nucleus?";"POTENTIAL";"<a href=""https://www.ncbi.nlm.nih.gov/Traces/index.html?view=run_browser&acc=ERR3823743&display=metadata"" target=""_blank"">ERR3823743</a>";"1";"1";"Noccaea perfoliata";"Noccaea";"Brassicaceae";"Brassicales";"Magnoliopsida";"Tracheophyta";"Plantae"
"Odontarrhena argentea";"TTTAGGG";"nucleus?";"POTENTIAL";"<a href=""https://www.ncbi.nlm.nih.gov/Traces/index.html?view=run_browser&acc=ERR2560001&display=metadata"" target=""_blank"">ERR2560001</a>";"1";"1";"Odontarrhena argentea";"Odontarrhena";"Brassicaceae";"Brassicales";"Magnoliopsida";"Tracheophyta";"Plantae"
"Orychophragmus violaceus";"TTTAGGG";"nucleus";"EXPERIMENTAL";"<a href=""https://doi.org/10.1508/cytologia.76.353"" target=""_blank"">Shibata and Hizume 2011</a>";NA;NA;"Orychophragmus violaceus";"Orychophragmus";"Brassicaceae";"Brassicales";"Magnoliopsida";"Tracheophyta";"Plantae"
"Orychophragmus violaceus";"TTAGGG";"nucleus";"EXPERIMENTAL";"<a href=""https://doi.org/10.1508/cytologia.76.353"" target=""_blank"">Shibata and Hizume 2011</a>";NA;NA;"Orychophragmus violaceus";"Orychophragmus";"Brassicaceae";"Brassicales";"Magnoliopsida";"Tracheophyta";"Plantae"
"Pachycladon enysii";"TTTAGGG";"nucleus";"EXPERIMENTAL";"<a href=""https://doi.org/10.1186/1471-2148-10-367"" target=""_blank"">Mandáková et al. 2010</a>";NA;NA;"Pachycladon enysii";"Pachycladon";"Brassicaceae";"Brassicales";"Magnoliopsida";"Tracheophyta";"Plantae"
"Pachycladon exile";"TTTAGGG";"nucleus";"EXPERIMENTAL";"<a href=""https://doi.org/10.1186/1471-2148-10-367"" target=""_blank"">Mandáková et al. 2010</a>";NA;NA;"Pachycladon exile";"Pachycladon";"Brassicaceae";"Brassicales";"Magnoliopsida";"Tracheophyta";"Plantae"
"Pachycladon cheesemanii";"TTTAGGG";"nucleus";"EXPERIMENTAL";"<a href=""https://doi.org/10.1186/1471-2148-10-367"" target=""_blank"">Mandáková et al. 2010</a>";NA;NA;"Pachycladon cheesmanii";"Pachycladon";"Brassicaceae";"Brassicales";"Magnoliopsida";"Tracheophyta";"Plantae"
"Pachycladon novae-zelandiae";"TTTAGGG";"nucleus";"EXPERIMENTAL";"<a href=""https://doi.org/10.1186/1471-2148-10-367"" target=""_blank"">Mandáková et al. 2010</a>";NA;NA;"Pachycladon novae-zelandiae";"Pachycladon";"Brassicaceae";"Brassicales";"Magnoliopsida";"Tracheophyta";"Plantae"
"Phoenicaulis cheiranthoides";"TTTAGGG";"nucleus";"EXPERIMENTAL";"<a href=""https://doi.org/10.1111/jse.12555"" target=""_blank"">Mandáková et al. 2019</a>";NA;NA;"Phoenicaulis cheiranthoides";"Phoenicaulis";"Brassicaceae";"Brassicales";"Magnoliopsida";"Tracheophyta";"Plantae"
"Physaria acutifolia";"TTTAGGG";"nucleus?";"POTENTIAL";"<a href=""https://www.ncbi.nlm.nih.gov/Traces/index.html?view=run_browser&acc=ERR2560521&display=metadata"" target=""_blank"">ERR2560521</a>";"0.249925453";"1";"Physaria acutifolia";"Physaria";"Brassicaceae";"Brassicales";"Magnoliopsida";"Tracheophyta";"Plantae"
"Physaria fendleri";"TTTAGGG";"nucleus?";"POTENTIAL";"<a href=""https://www.ncbi.nlm.nih.gov/Traces/index.html?view=run_browser&acc=ERR2560530&display=metadata"" target=""_blank"">ERR2560530</a>";"1";"1";"Physaria fendleri";"Physaria";"Brassicaceae";"Brassicales";"Magnoliopsida";"Tracheophyta";"Plantae"
"Physaria fendleri";"TTTAGAG";"nucleus?";"POTENTIAL";"<a href=""https://www.ncbi.nlm.nih.gov/Traces/index.html?view=run_browser&acc=ERR2560530&display=metadata"" target=""_blank"">ERR2560530</a>";"0.052529183";"0.052529183";"Physaria fendleri";"Physaria";"Brassicaceae";"Brassicales";"Magnoliopsida";"Tracheophyta";"Plantae"
"Physaria ovalifolia";"TTTAGGG";"nucleus?";"POTENTIAL";"<a href=""https://www.ncbi.nlm.nih.gov/Traces/index.html?view=run_browser&acc=ERR2560534&display=metadata"" target=""_blank"">ERR2560534</a>";"1";"1";"Physaria ovalifolia";"Physaria";"Brassicaceae";"Brassicales";"Magnoliopsida";"Tracheophyta";"Plantae"
"Pseudoturritis turrita";"TTTAGGG";"nucleus?";"POTENTIAL";"<a href=""https://www.ncbi.nlm.nih.gov/Traces/index.html?view=run_browser&acc=ERR2560537&display=metadata"" target=""_blank"">ERR2560537</a>";"0.818471338";"1";"Pseudoturritis turrita";"Pseudoturritis";"Brassicaceae";"Brassicales";"Magnoliopsida";"Tracheophyta";"Plantae"
"Raphanus sativus";"TTTAGGG";"nucleus";"EXPERIMENTAL";"<a href=""https://doi.org/10.1016/j.ygeno.2010.12.002"" target=""_blank"">Koo et al. 2011</a>";NA;NA;"Raphanus sativus";"Raphanus";"Brassicaceae";"Brassicales";"Magnoliopsida";"Tracheophyta";"Plantae"
"Raphanus sativus";"TTTAGGG";"nucleus";"EXPERIMENTAL";"<a href=""https://doi.org/10.1186/s12870-015-0480-y"" target=""_blank"">He et al. 2015</a>";NA;NA;"Raphanus sativus";"Raphanus";"Brassicaceae";"Brassicales";"Magnoliopsida";"Tracheophyta";"Plantae"
"Raphanus sativus";"TTTAGGG";"nucleus";"EXPERIMENTAL";"<a href=""https://doi.org/10.3390/cells10092358"" target=""_blank"">Campomayor et al. 2021</a>";NA;NA;"Raphanus sativus";"Raphanus";"Brassicaceae";"Brassicales";"Magnoliopsida";"Tracheophyta";"Plantae"
"Raphanus sativus";"TTTAGGG";"nucleus";"MODEL";"<a href=""https://doi.org/10.3390/cells10092358"" target=""_blank"">Campomayor et al. 2021</a>";NA;NA;"Raphanus sativus";"Raphanus";"Brassicaceae";"Brassicales";"Magnoliopsida";"Tracheophyta";"Plantae"
"Raphanus sativus";"TTTAGGG";"nucleus?";"POTENTIAL";"<a href=""https://www.ncbi.nlm.nih.gov/Traces/index.html?view=run_browser&acc=SRR1917044&display=metadata"" target=""_blank"">SRR1917044</a>";"1";"1";"Raphanus sativus";"Raphanus";"Brassicaceae";"Brassicales";"Magnoliopsida";"Tracheophyta";"Plantae"
"Schrenkiella parvula";"TTTAGGG";"nucleus";"EXPERIMENTAL";"<a href=""https://doi.org/10.1007/s10577-014-9423-y"" target=""_blank"">Nelson et al. 2014</a>";NA;NA;"Schrenkiella parvula";"Schrenkiella";"Brassicaceae";"Brassicales";"Magnoliopsida";"Tracheophyta";"Plantae"
"Eutrema parvulum";"TTTAGGG";"nucleus";"MODEL";"<a href=""https://doi.org/10.1093/nar/gkz695"" target=""_blank"">Fajkus et al. 2019</a>";NA;NA;"Schrenkiella parvula";"Schrenkiella";"Brassicaceae";"Brassicales";"Magnoliopsida";"Tracheophyta";"Plantae"
"Schrenkiella parvula";"TTTAGGG";"nucleus?";"POTENTIAL";"<a href=""https://www.ncbi.nlm.nih.gov/Traces/index.html?view=run_browser&acc=SRR125318&display=metadata"" target=""_blank"">SRR125318</a>";"1";"1";"Schrenkiella parvula";"Schrenkiella";"Brassicaceae";"Brassicales";"Magnoliopsida";"Tracheophyta";"Plantae"
"Sisymbrium altissimum";"TTTAGGG";"nucleus?";"POTENTIAL";"<a href=""https://www.ncbi.nlm.nih.gov/Traces/index.html?view=run_browser&acc=ERR2560544&display=metadata"" target=""_blank"">ERR2560544</a>";"1";"1";"Sisymbrium altissimum";"Sisymbrium";"Brassicaceae";"Brassicales";"Magnoliopsida";"Tracheophyta";"Plantae"
"Sisymbrium altissimum";"TTTAGAG";"nucleus?";"POTENTIAL";"<a href=""https://www.ncbi.nlm.nih.gov/Traces/index.html?view=run_browser&acc=ERR2560544&display=metadata"" target=""_blank"">ERR2560544</a>";"0.055319149";"0.055319149";"Sisymbrium altissimum";"Sisymbrium";"Brassicaceae";"Brassicales";"Magnoliopsida";"Tracheophyta";"Plantae"
"Sisymbrium irio";"TTTAGGG";"nucleus";"EXPERIMENTAL";"<a href=""https://doi.org/10.1007/s13580-021-00391-6"" target=""_blank"">Mancia et al. 2022</a>";NA;NA;"Sisymbrium irio";"Sisymbrium";"Brassicaceae";"Brassicales";"Magnoliopsida";"Tracheophyta";"Plantae"
"Sisymbrium irio";"TTTAGGG";"nucleus";"MODEL";"<a href=""https://doi.org/10.1093/nar/gkz695"" target=""_blank"">Fajkus et al. 2019</a>";NA;NA;"Sisymbrium irio";"Sisymbrium";"Brassicaceae";"Brassicales";"Magnoliopsida";"Tracheophyta";"Plantae"
"Sisymbrium orientale";"TTTAGGG";"nucleus?";"POTENTIAL";"<a href=""https://www.ncbi.nlm.nih.gov/Traces/index.html?view=run_browser&acc=SRR11044737&display=metadata"" target=""_blank"">SRR11044737</a>";"1";"1";"Sisymbrium orientale";"Sisymbrium";"Brassicaceae";"Brassicales";"Magnoliopsida";"Tracheophyta";"Plantae"
"Olimarabidopsis pumila";"TTTAGGG";"nucleus";"EXPERIMENTAL";"<a href=""https://doi.org/10.1007/s12042-008-9018-x"" target=""_blank"">Shakirov et al. 2008</a>";NA;NA;"Sisymbrium pumilum";"Sisymbrium";"Brassicaceae";"Brassicales";"Magnoliopsida";"Tracheophyta";"Plantae"
"Stenopetalum lineare";"TTTAGGG";"nucleus";"EXPERIMENTAL";"<a href=""https://doi.org/10.1105/tpc.110.074526"" target=""_blank"">Mandáková et al. 2010</a>";NA;NA;"Stenopetalum lineare";"Stenopetalum";"Brassicaceae";"Brassicales";"Magnoliopsida";"Tracheophyta";"Plantae"
"Stenopetalum nutans";"TTTAGGG";"nucleus";"EXPERIMENTAL";"<a href=""https://doi.org/10.1105/tpc.110.074526"" target=""_blank"">Mandáková et al. 2010</a>";NA;NA;"Stenopetalum nutans";"Stenopetalum";"Brassicaceae";"Brassicales";"Magnoliopsida";"Tracheophyta";"Plantae"
"Caulanthus amplexicaulis var. barbarae";"TTTAGGG";"nucleus?";"POTENTIAL";"<a href=""https://www.ncbi.nlm.nih.gov/Traces/index.html?view=run_browser&acc=SRR496577&display=metadata"" target=""_blank"">SRR496577</a>";"1";"1";"Streptanthus amplexicaulis";"Streptanthus";"Brassicaceae";"Brassicales";"Magnoliopsida";"Tracheophyta";"Plantae"
"Streptanthus glandulosus subsp. niger";"TTTAGGG";"nucleus?";"POTENTIAL";"<a href=""https://www.ncbi.nlm.nih.gov/Traces/index.html?view=run_browser&acc=SRR8164570&display=metadata"" target=""_blank"">SRR8164570</a>";"0.224778761";"1";"Streptanthus glandulosus";"Streptanthus";"Brassicaceae";"Brassicales";"Magnoliopsida";"Tracheophyta";"Plantae"
"Thlaspi arvense";"TTTAGGG";"nucleus";"POTENTIAL";"<a href=""https://www.ncbi.nlm.nih.gov/Traces/index.html?view=run_browser&acc=SRR8117775&display=metadata"" target=""_blank"">SRR8117775</a>";"1";"1";"Thlaspi arvense";"Thlaspi";"Brassicaceae";"Brassicales";"Magnoliopsida";"Tracheophyta";"Plantae"
"Thlaspi arvense";"TGAGGG";"nucleus";"POTENTIAL";"<a href=""https://www.ncbi.nlm.nih.gov/Traces/index.html?view=run_browser&acc=SRR8117775&display=metadata"" target=""_blank"">SRR8117775</a>";"0.304347826";"0.304347826";"Thlaspi arvense";"Thlaspi";"Brassicaceae";"Brassicales";"Magnoliopsida";"Tracheophyta";"Plantae"
"Turritis glabra";"TTTAGGG";"nucleus?";"POTENTIAL";"<a href=""https://www.ncbi.nlm.nih.gov/Traces/index.html?view=run_browser&acc=ERR2560547&display=metadata"" target=""_blank"">ERR2560547</a>";"1";"1";"Turritis glabra";"Turritis";"Brassicaceae";"Brassicales";"Magnoliopsida";"Tracheophyta";"Plantae"
"Turritis glabra";"TTCGGG";"nucleus?";"POTENTIAL";"<a href=""https://www.ncbi.nlm.nih.gov/Traces/index.html?view=run_browser&acc=ERR2560547&display=metadata"" target=""_blank"">ERR2560547</a>";"0.050874404";"0.050874404";"Turritis glabra";"Turritis";"Brassicaceae";"Brassicales";"Magnoliopsida";"Tracheophyta";"Plantae"
"Horovitzia cnidoscoloides";"TTTAGGG";"nucleus";"EXPERIMENTAL";"<a href=""https://doi.org/10.3732/ajb.1600134"" target=""_blank"">Rockinger et al. 2016</a>";NA;NA;"Carica cnidoscoloides";"Carica";"Caricaceae";"Brassicales";"Magnoliopsida";"Tracheophyta";"Plantae"
"Carica papaya";"TTTAGGG";"nucleus";"EXPERIMENTAL";"<a href=""https://doi.org/10.1007/s12042-008-9018-x"" target=""_blank"">Shakirov et al. 2008</a>";NA;NA;"Carica papaya";"Carica";"Caricaceae";"Brassicales";"Magnoliopsida";"Tracheophyta";"Plantae"
"Carica papaya";"TTTAGGG";"nucleus";"EXPERIMENTAL";"<a href=""https://doi.org/10.3732/ajb.1600134"" target=""_blank"">Rockinger et al. 2016</a>";NA;NA;"Carica papaya";"Carica";"Caricaceae";"Brassicales";"Magnoliopsida";"Tracheophyta";"Plantae"
"Carica papaya";"TTTAGGG";"nucleus";"MODEL";"<a href=""https://doi.org/10.1093/nar/gkz695"" target=""_blank"">Fajkus et al. 2019</a>";NA;NA;"Carica papaya";"Carica";"Caricaceae";"Brassicales";"Magnoliopsida";"Tracheophyta";"Plantae"
"Carica papaya";"TTTAGGG";"nucleus?";"POTENTIAL";"<a href=""https://www.ncbi.nlm.nih.gov/Traces/index.html?view=run_browser&acc=DRR019501&display=metadata"" target=""_blank"">DRR019501</a>";"1";"1";"Carica papaya";"Carica";"Caricaceae";"Brassicales";"Magnoliopsida";"Tracheophyta";"Plantae"
"Cylicomorpha parviflora";"TTTAGGG";"nucleus";"EXPERIMENTAL";"<a href=""https://doi.org/10.3732/ajb.1600134"" target=""_blank"">Rockinger et al. 2016</a>";NA;NA;"Cylicomorpha parviflora";"Cylicomorpha";"Caricaceae";"Brassicales";"Magnoliopsida";"Tracheophyta";"Plantae"
"Jacaratia spinosa";"TTTAGGG";"nucleus";"EXPERIMENTAL";"<a href=""https://doi.org/10.3732/ajb.1600134"" target=""_blank"">Rockinger et al. 2016</a>";NA;NA;"Jacaratia spinosa";"Jacaratia";"Caricaceae";"Brassicales";"Magnoliopsida";"Tracheophyta";"Plantae"
"Jarilla heterophylla";"TTTAGGG";"nucleus";"EXPERIMENTAL";"<a href=""https://doi.org/10.3732/ajb.1600134"" target=""_blank"">Rockinger et al. 2016</a>";NA;NA;"Jarilla heterophylla";"Jarilla";"Caricaceae";"Brassicales";"Magnoliopsida";"Tracheophyta";"Plantae"
"Vasconcellea cauliflora";"TTTAGGG";"nucleus";"EXPERIMENTAL";"<a href=""https://doi.org/10.3732/ajb.1600134"" target=""_blank"">Rockinger et al. 2016</a>";NA;NA;"Vasconcellea cauliflora";"Vasconcellea";"Caricaceae";"Brassicales";"Magnoliopsida";"Tracheophyta";"Plantae"
"Vasconcellea monoica";"TTTAGGG";"nucleus";"EXPERIMENTAL";"<a href=""https://doi.org/10.3732/ajb.1600134"" target=""_blank"">Rockinger et al. 2016</a>";NA;NA;"Vasconcellea monoica";"Vasconcellea";"Caricaceae";"Brassicales";"Magnoliopsida";"Tracheophyta";"Plantae"
"Vasconcellea parviflora";"TTTAGGG";"nucleus";"EXPERIMENTAL";"<a href=""https://doi.org/10.1534/genetics.114.173021"" target=""_blank"">Iovene et al. 2015</a>";NA;NA;"Vasconcellea parviflora";"Vasconcellea";"Caricaceae";"Brassicales";"Magnoliopsida";"Tracheophyta";"Plantae"
"Cleome violacea";"TTTAGGG";"nucleus?";"POTENTIAL";"<a href=""https://www.ncbi.nlm.nih.gov/Traces/index.html?view=run_browser&acc=SRR892118&display=metadata"" target=""_blank"">SRR892118</a>";"0.571428571";"1";"Cleome violacea";"Cleome";"Cleomaceae";"Brassicales";"Magnoliopsida";"Tracheophyta";"Plantae"
"Cleome violacea";"TTTTAGGG";"nucleus?";"POTENTIAL";"<a href=""https://www.ncbi.nlm.nih.gov/Traces/index.html?view=run_browser&acc=SRR892118&display=metadata"" target=""_blank"">SRR892118</a>";"0.038961039";"0.068181818";"Cleome violacea";"Cleome";"Cleomaceae";"Brassicales";"Magnoliopsida";"Tracheophyta";"Plantae"
"Tarenaya hassleriana";"TTTAGGG";"nucleus";"MODEL";"<a href=""https://doi.org/10.1093/nar/gkz695"" target=""_blank"">Fajkus et al. 2019</a>";NA;NA;"Tarenaya hassleriana";"Tarenaya";"Cleomaceae";"Brassicales";"Magnoliopsida";"Tracheophyta";"Plantae"
"Limnanthes douglasii";"TTTAGGG";"nucleus";"EXPERIMENTAL";"<a href=""https://doi.org/10.1508/cytologia.76.353"" target=""_blank"">Shibata and Hizume 2011</a>";NA;NA;"Limnanthes douglasii";"Limnanthes";"Limnanthaceae";"Brassicales";"Magnoliopsida";"Tracheophyta";"Plantae"
"Limnanthes douglasii";"TTAGGG";"nucleus";"EXPERIMENTAL";"<a href=""https://doi.org/10.1508/cytologia.76.353"" target=""_blank"">Shibata and Hizume 2011</a>";NA;NA;"Limnanthes douglasii";"Limnanthes";"Limnanthaceae";"Brassicales";"Magnoliopsida";"Tracheophyta";"Plantae"
"Limnanthes floccosa subsp. bellingeriana";"TTTAGGG";"nucleus";"EXPERIMENTAL";"<a href=""https://doi.org/10.1111/tpj.15750"" target=""_blank""> Zuo et al. 2022</a>";NA;NA;"Limnanthes floccosa";"Limnanthes";"Limnanthaceae";"Brassicales";"Magnoliopsida";"Tracheophyta";"Plantae"
"Tropaeolum majus";"TTTAGGG";"nucleus";"EXPERIMENTAL";"<a href=""https://doi.org/10.1508/cytologia.76.353"" target=""_blank"">Shibata and Hizume 2011</a>";NA;NA;"Tropaeolum majus";"Tropaeolum";"Tropaeolaceae";"Brassicales";"Magnoliopsida";"Tracheophyta";"Plantae"
"Tropaeolum majus";"TTAGGG";"nucleus";"EXPERIMENTAL";"<a href=""https://doi.org/10.1508/cytologia.76.353"" target=""_blank"">Shibata and Hizume 2011</a>";NA;NA;"Tropaeolum majus";"Tropaeolum";"Tropaeolaceae";"Brassicales";"Magnoliopsida";"Tracheophyta";"Plantae"
